id,nama,daerah,no2_abs_energy,no2_auc,no2_autocorr,no2_average_power,no2_calc_centroid,no2_calc_max,no2_calc_mean,no2_calc_median,no2_calc_min,no2_calc_std,no2_calc_var,no2_dfa,no2_distance,no2_ecdf,no2_ecdf_percentile,no2_ecdf_percentile_count,no2_ecdf_slope,no2_entropy,no2_fundamental_frequency,no2_higuchi_fractal_dimension,no2_hist_mode,no2_human_range_energy,no2_hurst_exponent,no2_interq_range,no2_kurtosis,no2_lempel_ziv,no2_lpcc,no2_max_frequency,no2_max_power_spectrum,no2_maximum_fractal_length,no2_mean_abs_deviation,no2_mean_abs_diff,no2_mean_diff,no2_median_abs_deviation,no2_median_abs_diff,no2_median_diff,no2_median_frequency,no2_mfcc,no2_mse,no2_negative_turning,no2_neighbourhood_peaks,no2_petrosian_fractal_dimension,no2_pk_pk_distance,no2_positive_turning,no2_power_bandwidth,no2_rms,no2_skewness,no2_slope,no2_spectral_centroid,no2_spectral_decrease,no2_spectral_distance,no2_spectral_entropy,no2_spectral_kurtosis,no2_spectral_positive_turning,no2_spectral_roll_off,no2_spectral_roll_on,no2_spectral_skewness,no2_spectral_slope,no2_spectral_spread,no2_spectral_variation,no2_spectrogram_mean_coeff,no2_sum_abs_diff,no2_wavelet_abs_mean,no2_wavelet_energy,no2_wavelet_entropy,no2_wavelet_std,no2_wavelet_var,no2_zero_cross,so2_abs_energy,so2_auc,so2_autocorr,so2_average_power,so2_calc_centroid,so2_calc_max,so2_calc_mean,so2_calc_median,so2_calc_min,so2_calc_std,so2_calc_var,so2_dfa,so2_distance,so2_ecdf,so2_ecdf_percentile,so2_ecdf_percentile_count,so2_ecdf_slope,so2_entropy,so2_fundamental_frequency,so2_higuchi_fractal_dimension,so2_hist_mode,so2_human_range_energy,so2_hurst_exponent,so2_interq_range,so2_kurtosis,so2_lempel_ziv,so2_lpcc,so2_max_frequency,so2_max_power_spectrum,so2_maximum_fractal_length,so2_mean_abs_deviation,so2_mean_abs_diff,so2_mean_diff,so2_median_abs_deviation,so2_median_abs_diff,so2_median_diff,so2_median_frequency,so2_mfcc,so2_mse,so2_negative_turning,so2_neighbourhood_peaks,so2_petrosian_fractal_dimension,so2_pk_pk_distance,so2_positive_turning,so2_power_bandwidth,so2_rms,so2_skewness,so2_slope,so2_spectral_centroid,so2_spectral_decrease,so2_spectral_distance,so2_spectral_entropy,so2_spectral_kurtosis,so2_spectral_positive_turning,so2_spectral_roll_off,so2_spectral_roll_on,so2_spectral_skewness,so2_spectral_slope,so2_spectral_spread,so2_spectral_variation,so2_spectrogram_mean_coeff,so2_sum_abs_diff,so2_wavelet_abs_mean,so2_wavelet_energy,so2_wavelet_entropy,so2_wavelet_std,so2_wavelet_var,so2_zero_cross,co_abs_energy,co_auc,co_autocorr,co_average_power,co_calc_centroid,co_calc_max,co_calc_mean,co_calc_median,co_calc_min,co_calc_std,co_calc_var,co_dfa,co_distance,co_ecdf,co_ecdf_percentile,co_ecdf_percentile_count,co_ecdf_slope,co_entropy,co_fundamental_frequency,co_higuchi_fractal_dimension,co_hist_mode,co_human_range_energy,co_hurst_exponent,co_interq_range,co_kurtosis,co_lempel_ziv,co_lpcc,co_max_frequency,co_max_power_spectrum,co_maximum_fractal_length,co_mean_abs_deviation,co_mean_abs_diff,co_mean_diff,co_median_abs_deviation,co_median_abs_diff,co_median_diff,co_median_frequency,co_mfcc,co_mse,co_negative_turning,co_neighbourhood_peaks,co_petrosian_fractal_dimension,co_pk_pk_distance,co_positive_turning,co_power_bandwidth,co_rms,co_skewness,co_slope,co_spectral_centroid,co_spectral_decrease,co_spectral_distance,co_spectral_entropy,co_spectral_kurtosis,co_spectral_positive_turning,co_spectral_roll_off,co_spectral_roll_on,co_spectral_skewness,co_spectral_slope,co_spectral_spread,co_spectral_variation,co_spectrogram_mean_coeff,co_sum_abs_diff,co_wavelet_abs_mean,co_wavelet_energy,co_wavelet_entropy,co_wavelet_std,co_wavelet_var,co_zero_cross
1,Muhammad Ali Murtadho,Baron Nganjuk,3.327523589749999e-07,0.010369545,17.0,9.116502985616436e-10,203.67139246492795,5.51e-05,2.8400396174863388e-05,2.8125e-05,5.12e-06,1.0128027836759296e-05,1.0257694786217116e-10,1.0111873717963482,365.0000000088079,0.015027322404371584,2.84e-05,182.5,34722.222222222226,0.9278503357686025,0.00273224043715847,1.8402217765335815,2.7611e-05,0.0,0.8030928883290134,1.4499999999999997e-05,-0.4153972696574031,0.1721311475409836,0.7482000167589987,0.4344262295081967,122.0040479667109,-2.695205876984811,8.224978948311384e-06,4.563671232876712e-06,1.2054794520547969e-08,7.108333333333333e-06,2.500000000000003e-06,3.9999999999999956e-07,0.040983606557377046,24.367022008749775,1.2835787834222159,67.0,16.0,1.0240409199302392,4.998e-05,68.0,0.3224043715846995,3.0152271071204005e-05,0.10277620455377064,2.8533078660091594e-08,0.12009617793696398,-2.5271552246904143,-1.5898224673574453,0.6218784399985978,2.7172292481649336,61.0,0.4344262295081967,0.0,1.054667370934429,-0.033521597326724696,0.15038401443157448,0.26412185458590776,1.212041089118446e-10,0.00166574,1.8356028364569003e-06,1.427502471396925e-05,2.123943337276369,1.4139952706780993e-05,2.2452865685211698e-10,0.0,8.979465984823278e-06,0.0385608673333326,2.0,2.4601276670748707e-08,182.9778638300843,0.000417635,7.236448274134592e-05,4.8616666666666665e-05,-0.000283754,0.0001389152320856162,1.9297441705400613e-08,0.8872548995897878,365.0000033396443,0.015027322404371584,7.40145e-05,182.5,2209.873123817718,0.9946242373471591,0.00273224043715847,1.9253324731598662,3.1871049999999983e-05,0.0,0.747387298714083,0.0001788985,-0.14803487859145026,0.19398907103825136,0.25785782939492413,0.45081967213114754,30.600468752021698,-1.3718210684380827,0.00011057402534214975,9.070859452054793e-05,-1.3514027397260294e-06,8.5129e-05,5.1000000000000006e-05,-1.41e-06,0.1557377049180328,28.39776612640757,1.0014732015553434,73.0,19.0,1.025894029566716,0.000701389,73.0,0.4098360655737705,0.0001566335215329821,0.3899757743138745,2.864384346306114e-08,0.18353188705262272,-0.31778174208170323,-10.634964476587587,0.8614126631277217,2.0536399704108974,61.0,0.45081967213114754,0.0,0.5054126183454482,-0.017152053587830857,0.14581357414525406,0.2038332759230349,3.1389375218409524e-08,0.033108636999999996,9.00096221479776e-06,0.0001916238555691525,2.1758857582423037,0.00019135651410926604,3.7754232969052864e-08,89.0,0.33767942411798374,11.016250945488522,10.0,0.0009251491071725582,186.7773797297089,0.038848145554463,0.03018640213295268,0.03009529411792745,0.0218767039477825,0.003376759339841985,1.1402503639210078e-05,0.7913557725828686,365.0012512989192,0.015027322404371584,0.02997668452250455,182.5,117.68021270046602,0.9978327116816761,0.00273224043715847,1.8915310367220979,0.031210996831456773,0.0,0.741490152141208,0.0044884336885944,-0.3165308408192473,0.18032786885245902,0.8972981560762786,0.3743169398907104,60.66992095958264,-0.07371177509988183,0.0027146124138749646,0.0019153978980064029,2.077125874737808e-05,0.002249661591593899,0.001326050816310799,-8.287780459897282e-06,0.0,13.56195502117142,1.0482056433298939,69.0,18.0,1.0247162362808873,0.016971441606680498,69.0,0.33879781420765026,0.030374683164957297,0.2309819662345161,5.568804077377424e-06,0.0746161880569751,-7.757082731592501,-1241.1517427331298,0.6887983979911486,4.832210816035115,57.0,0.3743169398907104,0.0,1.7008376295202083,-0.045257679321607854,0.12591236871661804,0.407332901115807,1.3915522591058343e-05,0.699120232772337,0.0018720032063295746,0.0078673018941523,2.1307176624724637,0.007618025970442437,6.704005685602296e-05,0.0
2,Ainur Raftuzzaki,Nunukan,1.5625477836375697e-08,0.0016955417973704811,3.0,6.51061576515654e-11,124.45552307668213,1.6599207810941152e-05,7.054093401435386e-06,6.9793336479051504e-06,-2.158802317353548e-06,3.882753392071394e-06,1.5075773903641913e-11,0.9279812440750573,240.00000000159213,0.02282157676348548,6.872615892916656e-06,120.0,99529.14727333756,0.9989512357832779,0.012448132780082988,1.8629655797702371,6.282302240379067e-06,0.0,0.7792736616809639,4.904457000520779e-06,-0.43741922342278006,0.2074688796680498,0.5517310192391927,0.44813278008298757,22.744884442002416,-3.1451511300420036,3.097828505480818e-06,2.5249539115140217e-06,1.4369654384912157e-08,2.506099463062128e-06,1.6560088624828495e-06,-2.1459921602703067e-07,0.09958506224066391,29.699816981431923,1.292171978338598,46.0,10.0,1.026874467509806,1.87580101282947e-05,46.0,0.3526970954356846,8.052080949656192e-06,-0.12197912772313803,8.198360949489524e-10,0.14775727923131135,-1.508799186611197,-0.18504249107019566,0.8159056916692825,2.2985263597777976,39.0,0.44813278008298757,0.0,0.7764706005269575,-0.03981919431625937,0.1518863019491577,0.5889125909704506,2.7239768459332334e-11,0.0006059889387633652,6.076881840351079e-07,6.217721401381934e-06,2.155115865509932,6.18296565839528e-06,4.1328116340329665e-11,14.0,4.063463104522229e-07,0.006217947839566463,1.0,1.693109626884262e-09,126.76488882255411,0.0001046841789502,-1.8642539307271387e-06,-3.884277248289436e-06,-0.0001015329980873,4.101961522268503e-05,1.682608833017133e-09,0.8392234832259701,240.00000030848776,0.02282157676348548,-1.976804924197495e-07,120.0,9069.910500158574,1.0000000000000004,0.008298755186721992,1.9847483645625237,-8.73526842042501e-06,0.0,0.690222817813918,5.3169120292295695e-05,-0.12592142114798666,0.22406639004149378,0.08568097976986806,0.46473029045643155,10.862934147105983,-1.9798710687955392,3.240026817014785e-05,3.855570815431789e-05,5.709266739962632e-07,2.5365168312418973e-05,2.990656048496021e-05,2.1816986759404244e-06,0.2157676348547718,40.52645586248796,1.2550968839915362,63.0,12.0,1.0358647129926983,0.0002062171770375,63.0,0.43983402489626555,4.1061956550259085e-05,0.10773839098467479,4.002503244054215e-08,0.2309694895079134,0.016196555920235504,-0.32746093913663915,0.8983171817868822,1.775817170309817,43.0,0.46473029045643155,0.016597510373443983,0.18792759446397037,-0.007079400351516583,0.14622208120611485,0.2468292657096982,3.046464205826844e-09,0.009253369957036295,5.418481143634628e-07,4.4438623865967435e-05,2.1898004303839453,4.443357012909042e-05,1.9966967176462028e-09,83.0,0.1838977879503261,6.6070664054713975,7.0,0.0007662407831263587,122.91236824302949,0.0342667326331138,0.027519712728908012,0.0274459905922412,0.022046661004424,0.002393067510145346,5.726772108113246e-06,1.073490523941046,240.00041515269572,0.02282157676348548,0.0274373902939259,120.0,126.95738432336164,0.9989512357832779,0.008298755186721992,1.7803271102035676,0.026323686074465433,0.0,0.8672861580958218,0.0034342147409915993,-0.366924820260905,0.1950207468879668,0.8982844323209874,0.3651452282157676,31.511822998361847,-0.470902654058252,0.001978786228920756,0.0012218656484037646,-1.0923940377930829e-05,0.0017300499603151998,0.0005901735275984019,0.00023794799510919867,0.0,12.563537413086104,0.9835975240420233,40.0,10.0,1.0235392876627314,0.012220071628689797,40.0,0.3858921161825726,0.027623565316405755,0.31735825511922744,8.098287976597666e-06,0.057426920257684116,-10.82742872547296,-461.1924257170312,0.7387519399538676,6.671238491519255,39.0,0.3651452282157676,0.0,2.174173427976956,-0.0753596195943195,0.11846912395828696,0.6184720812237651,9.190306301536505e-06,0.2932477556169035,0.002276644952019413,0.00751210058004052,2.061382099888956,0.007134842430034796,6.172778741569925e-05,0.0
4,M. Hendrik Purwanto,"Sreseh, Sampang",2.4377828631409486e-07,0.008624710189046425,9.0,6.75286111673393e-10,163.94826238225713,4.801962859346531e-05,2.3864726106264027e-05,2.42804916751993e-05,-7.910086424089968e-06,1.019291559362074e-05,1.0389552829867685e-10,0.9214850815230475,361.0000000145037,0.015193370165745856,2.4160913896290973e-05,180.5,33814.57077037414,1.0000000000000002,0.0027624309392265192,1.8432723688143977,2.2851256835565438e-05,0.0,0.8167049765868959,1.4887083693793102e-05,-0.26028833471796453,0.17403314917127072,0.6664195703991582,0.4475138121546961,54.93781061515986,-2.6432159623068507,8.254853453548602e-06,5.483954096916617e-06,2.3319542409118216e-08,7.428594403791067e-06,2.6166908810409957e-06,-3.9784699765732546e-07,0.08839779005524862,34.73621578848359,0.7188831186625229,55.0,12.0,1.0200302415836022,5.592971501755528e-05,56.0,0.3867403314917127,2.595035029485491e-05,-0.26114465046238744,-1.96982603711164e-08,0.14567690031830044,-1.813619885001079,-1.3291414638759254,0.7507648072535984,2.2167419963010517,52.0,0.4475138121546961,0.0,0.7589660207595514,-0.02721308743273303,0.15658277655687997,0.3339308358225186,1.2625859936056685e-10,0.0019797074289868988,1.1355754627224479e-06,1.3481330888316606e-05,2.1321457124505385,1.3426362191661459e-05,1.9715020133966532e-10,10.0,3.383721180765959e-06,0.022926671293092116,2.0,9.373188866387697e-09,210.0327979176422,0.0002932171919383,2.1112241929575732e-05,1.4537568471563717e-05,-0.000249446980888,9.434812833422313e-05,8.901569320171038e-09,0.8399993678678965,361.0000019411991,0.015193370165745856,1.9963094827188696e-05,180.5,3873.792655340085,1.0000000000000002,0.0027624309392265192,1.9279762269714575,-5.248103116164995e-06,0.0,0.7651177320198075,0.00011332985051617485,0.1720746358324865,0.20165745856353592,0.15635061525543406,0.4558011049723757,19.921547560284115,-1.5120596271868736,7.395205441665945e-05,7.342097882524613e-05,-5.01976680130417e-07,5.895275102394556e-05,4.5283846786866666e-05,2.353254563382102e-06,0.18232044198895025,38.311831970553634,1.1268647446060882,79.0,18.0,1.0279105844184249,0.0005426641728263,78.0,0.4033149171270718,9.668141537784795e-05,0.14247087959802862,9.570268848711576e-08,0.20360003789273723,-0.10806121150996806,-4.822560944823477,0.8725642506371134,1.8668868165185721,59.0,0.4558011049723757,0.0055248618784530384,0.32186949539031895,-0.012103611084726464,0.147471219736169,0.2205205428055218,1.625266574651792e-08,0.02650497335591385,1.1062656475702996e-06,0.0001324908411272839,2.167504924144062,0.0001324854437106575,1.8561502566928503e-08,108.0,0.30012841862630946,10.334233529306934,4.0,0.0008313806610147077,178.34262365831626,0.0386644899845123,0.02862975005554391,0.028279859971787214,0.021544212475419,0.003069436611420631,9.421441111529367e-06,1.0424843835795732,361.0011934442167,0.015193370165745856,0.028522109147161197,180.5,107.07838905806553,0.9984546721760592,0.0027624309392265192,1.8324443514189808,0.027536309603601657,0.0,0.8637640727803793,0.004214190738275673,-0.17799814655196666,0.17955801104972377,0.9180269082979301,0.39502762430939226,21.949312599891996,-0.11483216728651775,0.0024734914629233706,0.0016943211009380226,7.226965145060939e-06,0.0021023103701216864,0.0008790008723735983,9.630918502807895e-05,0.0,8.444975537367739,0.8041234984638576,54.0,16.0,1.0195082820753927,0.017120277509093302,53.0,0.3287292817679558,0.028793819290855564,0.4140328507824737,-2.961006019396948e-06,0.07574492413430767,-7.546029543581277,-1158.4965128418596,0.7927698952803972,4.919090073992349,58.0,0.39502762430939226,0.0,1.7612747343928352,-0.04545511616889257,0.13032219749114177,0.6848865627335483,1.69779798624914e-05,0.6116499174386262,0.0016983332042741549,0.007829948005829595,2.0985785257801983,0.0076239518560201015,6.752360393281078e-05,0.0
6,Okan Syailendra wahyudi,"Manyar, Gresik",2.2192835962899863e-06,0.0254498783668253,6.0,6.0969329568406224e-09,192.02947474996603,0.0001600947762198,6.986054453145171e-05,6.230986643155727e-05,1.5438045011251234e-05,3.463716715755668e-05,1.199733348700523e-09,1.100841460913155,364.0000001024271,0.0150684931506849,7.004523104114924e-05,182.5,9196.717127419324,0.9993562486743118,0.0027397260273972,1.8295192253892028,5.1602227813388425e-05,0.0,0.8425003905249403,4.354962865446313e-05,-0.1448944053814327,0.1698630136986301,0.6493306456861699,0.4328767123287671,86.34009247078986,-2.128189876819793,2.789461887546285e-05,1.5347769567590524e-05,-1.4592692573239041e-09,2.049521087125565e-05,7.916851245681755e-06,5.462182646927757e-07,0.0630136986301369,15.162960660229963,1.1338778486960277,55.0,15.0,1.019843266198463,0.0001446567312085,55.0,0.2931506849315068,7.79758233745016e-05,0.775047685523265,3.581931833974117e-08,0.1251839254859753,-1.6797134920105303,-4.954724035437107,0.7124046552149713,2.9422728518565067,54.0,0.4328767123287671,0.0,1.0637287586473696,-0.0323822803708124,0.1435463337056815,0.3653780370637159,1.6662360732850751e-09,0.0055865881226029,3.527744624616882e-06,4.958061635456556e-05,2.145203585308031,4.941533025470787e-05,2.618572494875661e-09,0.0,2.477941150608511e-05,0.0639976773358604,1.0,6.807530633539866e-08,204.25805808888896,0.0007931484724394,0.0001113750670065,8.06185416877e-05,-0.0004098672943655,0.00023555125365,5.5484393096098494e-08,0.7825908664143294,364.0000136104016,0.0150684931506849,0.0001019290473777,182.5,1262.4779541601454,1.0000000000000002,0.0054794520547945,1.9096886345579176,1.1188224016215004e-05,0.0,0.7676828339256082,0.0003354326669067,-0.1296136324657206,0.1945205479452054,0.2659467587478349,0.4575342465753425,32.2728344927254,-1.1358854838031387,0.0001903072971087,0.0001780228928664,-6.03968726284197e-07,0.0001681258272582,8.36140952742223e-05,1.5350204193750037e-06,0.1835616438356164,36.77013365562724,1.2846136840335771,72.0,16.0,1.0256369946301591,0.0012030157668049,73.0,0.4,0.0002605547901052,0.4250776334769285,1.255641200824382e-07,0.2018325619217992,-0.2888345918597853,-13.006351153935082,0.8813061905236512,1.7873374345301103,59.0,0.4575342465753425,0.0,0.3128007434728301,-0.0123868338214977,0.1535557776125191,0.2784110047984652,9.647455045088237e-08,0.0648003330033946,6.723475180871326e-06,0.0003098445152321,2.1686402399849336,0.0003097598313127,1.0025579099467845e-07,98.0,0.3063319171791554,10.489405833929752,3.0,0.0008415712010416,180.90255292030955,0.0364875681698322,0.0288268069897407,0.0288974400609731,0.0211124308407306,0.0028776249398534,8.280725294466588e-06,0.9980619667541256,364.0011154267079,0.0150684931506849,0.0287581328302621,182.5,141.57614830832327,1.0000000000000002,0.0027397260273972,1.8815471484643336,0.0295687563717364,0.0,0.8190841055697703,0.003986157476902,-0.1547976689697949,0.1863013698630137,0.9029284414149408,0.3780821917808219,18.741802366989795,-0.0869476843575467,0.0022762122701301,0.001712676513285,2.25761035395849e-05,0.0019231755286455,0.0011023636907338,0.0001117717474699,0.0,11.976767086339128,1.223359506978026,66.0,18.0,1.0232662962752737,0.0153751373291016,65.0,0.3123287671232876,0.0289700798500493,0.0529940625422371,-1.661543249323101e-06,0.0774717697685524,-7.597745807670327,-1167.052697227005,0.8353112549268975,4.54516879522901,59.0,0.3780821917808219,0.0,1.6454350904617578,-0.0448290231148806,0.1277776805481169,0.6613995468574732,1.3528361861504442e-05,0.6234142508357762,0.0016764177631159,0.007558490543052,2.1262520896234425,0.0073475569942288,6.122468804715073e-05,0.0
10,Muhammad Zaidan Nabil Rafi,"Kamal, Bangkalan",4.3976536763768775e-06,0.04849766529205918,2.0,7.569111319065193e-09,325.7897429825054,0.0001552870037173,8.348550670853927e-05,9.71888639043584e-05,-3.0223736634939154e-06,2.4213139878474933e-05,5.862761427745931e-10,0.7269205581763335,581.0000001817967,0.009450171821305841,7.863439396230498e-05,290.5,0.0,0.6380011909576067,0.001718213058419244,1.9556006827747667,9.987872163402212e-05,0.0,0.8842298975863069,3.2577788151690555e-05,0.47372758289835826,0.13917525773195877,0.7734236947949805,0.4570446735395189,125.65529389580676,-2.065439531118532,1.9981501443796124e-05,1.3809474650762489e-05,2.16497473104462e-08,8.513383845838955e-06,4.206309481811089e-06,0.0,0.11855670103092783,40.54306879518794,0.049214930819356725,98.0,17.0,1.0203511474695757,0.0001583093773807939,98.0,0.43470790378006874,8.692586481109144e-05,-0.27662233794219576,6.69126307784099e-08,0.15934619992796104,-2.273814272800744,-9.50099767859482,0.7512720176316446,1.9873787715638689,89.0,0.4570446735395189,0.0,0.6049557218396451,-0.014800274433192765,0.16118913517007602,0.3444423546725053,7.70957747655537e-10,0.008023304772093006,3.335644891553839e-06,2.92245645300184e-05,2.1745388727786716,2.8987678905899206e-05,8.775602656527092e-10,2.0,3.637721133657095e-05,0.11662410299688823,12.0,6.261137923678305e-08,258.28150101383153,0.0007978355279198876,0.00016148658085531571,0.00024073982785924154,-0.0005165543308122852,0.00019085566208795678,3.642588375103235e-08,0.790868904381894,581.0000096783829,0.009450171821305841,0.00014282138636181638,290.5,4314.917316239508,0.6814802494735578,0.001718213058419244,1.8835629312392999,0.0003377990773636272,0.0,0.9399230132407314,0.0002859822426923198,0.1853197378112008,0.13745704467353953,0.46165834016209956,0.4639175257731959,104.93365300624059,-1.2567993355559692,0.00016189505541291458,8.357046541920903e-05,-8.282248356840081e-07,7.49271317042725e-05,9.654285219905012e-06,0.0,0.15979381443298968,32.92247534344461,0.3976585952252544,58.0,15.0,1.0122978571328711,0.0013143898587321728,58.0,0.34536082474226804,0.00025000759897925655,-0.37434311874262266,-4.2742346879425774e-07,0.1896263419211341,-0.5072931678425815,-39.372353642611195,0.7576106797731161,1.8036233782059827,97.0,0.4639175257731959,0.0,0.3896637815058517,-0.009856693347580516,0.1584048282669361,0.14169721101229882,4.000865536663088e-08,0.04855444040856045,8.616892727013466e-06,0.00020323247936488613,2.156830075327947,0.00020300346168774827,4.289191808022386e-08,83.0,0.42809678733074974,15.618494402642517,44.0,0.0007368275169203954,317.55735039476855,0.0376965887844336,0.026886779464117837,0.0262233589744603,0.0201324615627406,0.003558451953716908,1.2662580306911682e-05,0.882251367982384,581.0015387324619,0.009450171821305841,0.02689640850504426,290.5,79.43909423387504,0.6814802494735578,0.001718213058419244,1.8534772244681337,0.02452349336816385,0.0,0.9279452993921767,0.005730081085087671,-0.3729822601723112,0.13745704467353953,0.9569152941043048,0.4054982817869416,125.72221599310542,-0.07237063610325564,0.003045539834382415,0.0011912269203205573,2.045675113928176e-05,0.0025547997063575974,0.00023868170293999888,0.0,0.001718213058419244,16.737374191688684,0.3982010332134113,63.0,14.0,1.013217590674422,0.017564127221692996,62.0,0.34192439862542956,0.027121236886599037,0.7504857152204871,1.2886536810597531e-05,0.08633184735679282,-6.094043813141621,-3011.3365604421783,0.6303764566666694,4.156576479483371,101.0,0.4054982817869416,0.0,1.5287642058879152,-0.02672070639254194,0.13500382240147274,0.39177081116049794,1.04723214144984e-05,0.6921028407062437,0.0009997567803746597,0.0059227619137207635,2.1234753056245563,0.005828349682499536,3.879859404218669e-05,0.0
11,Triswanti Jannatul Ma'wa,Kedungpring Lamongan,3.702057856558989e-07,0.010905066434816035,8.0,1.0142624264545176e-09,194.28520946279207,5.90484996791929e-05,2.9874770846449072e-05,2.9619672053134608e-05,7.337210263358429e-06,1.0908220959956056e-05,1.189892845112246e-10,1.081393135338321,365.00000001062205,0.015027322404371584,2.9529834916632224e-05,182.5,29752.465485270626,0.9993583051330969,0.00273224043715847,1.8594347846792394,3.060729050048394e-05,0.0,0.8639247394959325,1.5986562980595728e-05,-0.45831211936334304,0.16393442622950818,0.7145582797676825,0.4371584699453552,112.59543228862998,-2.6063691462318186,8.868988200323961e-06,4.933096865337176e-06,-3.54928338871503e-08,8.045909604940494e-06,2.6367251848569174e-06,1.387891946554483e-07,0.05191256830601093,19.703701536153137,1.0788012416716302,53.0,16.0,1.019093910521821,5.171128941583447e-05,53.0,0.30601092896174864,3.180394971759118e-05,0.18268450206839237,1.662610665440246e-08,0.12149324382654854,-2.433574492752203,-1.7009826611080894,0.6511850321723337,2.8679702643948692,57.0,0.4371584699453552,0.0,1.064421496835025,-0.03316108537683896,0.1474278510111083,0.31958492638057234,1.3669459998902627e-10,0.0018005803558480693,1.7835307177911253e-06,1.6044466194265864e-05,2.1238023546628555,1.5923609419469288e-05,2.814972982542015e-10,0.0,7.5609260549972565e-06,0.03678540355976692,2.0,2.0714865904102074e-08,202.06208226631824,0.0003895698173437,5.4722360537609305e-05,4.1936365576589196e-05,-0.0002842966059688,0.00013290497043760429,1.766373116702047e-08,0.903382606111808,365.000003120011,0.015027322404371584,5.988643033557837e-05,182.5,2457.6321644992745,0.9993583051330969,0.00546448087431694,1.8998881013272393,1.8943284521825016e-05,0.0,0.755559214668873,0.00017313664238820847,-0.23100576550297136,0.1885245901639344,0.21118306155378477,0.45901639344262296,13.577242465312443,-1.385191731462175,0.0001070377579724563,8.863242899144432e-05,6.017587821425671e-07,8.82984240177608e-05,4.837762702433981e-05,3.2727906500440406e-06,0.14754098360655737,25.863082833158973,1.3468102162910098,60.0,18.0,1.0216640049759071,0.0006738664233125,61.0,0.36885245901639346,0.00014372984349058678,0.07669604542703866,1.122925315800492e-07,0.18309663285845562,-0.24905753312055634,-10.103644485612385,0.8710474553661931,2.0819928369215246,58.0,0.45901639344262296,0.00273224043715847,0.540973683334409,-0.01726437065133155,0.14561884231799788,0.22249615628146402,3.252341256819195e-08,0.03235083658187718,1.3093836157928138e-06,0.00018896545087084422,2.1748848420026508,0.00018895963530716334,3.685037594040205e-08,84.0,0.32591869181628164,10.81978998240081,3.0,0.0008929279227843333,184.78384008396063,0.0389280766248703,0.029646235043590038,0.02927999997821935,0.020191341638565,0.003404258619207443,1.1588976746448167e-05,1.0765547026198647,365.0015317370097,0.015027322404371584,0.029568921588361198,182.5,93.93828064210233,0.9987166102661934,0.00273224043715847,1.8819800566168872,0.028622872382402388,0.0,0.7921374133498507,0.00473434657112452,-0.14820828509834882,0.17759562841530055,0.906508424225064,0.40710382513661203,29.957556840735727,-0.036264846945726105,0.002701650756813696,0.0019218603710401585,1.4741685598680551e-05,0.0022704694420099484,0.001092663034796701,-7.367625155230151e-05,0.0,13.220431898785419,1.4464437788795286,67.0,14.0,1.0240409199302392,0.0187367349863053,67.0,0.35792349726775957,0.02984104939519108,0.2681072889529959,2.76063266109914e-06,0.08302125528445983,-7.020719407553888,-1213.602943826029,0.7775532526250547,4.35463209872186,56.0,0.40710382513661203,0.0,1.6023367479666148,-0.04308875715573751,0.1346646834251172,0.57388451566288,1.771521102012679e-05,0.7014790354296578,0.0017738822676695765,0.007988639432747814,2.1375386858897008,0.007761488019805089,6.743137474373505e-05,0.0
12,Ahmad Syahrul Farihin,"Gresik Kota, Gresik",1.5239802902418364e-06,0.022417395692171865,3.0,4.17528846641599e-09,184.03973502803655,0.0001239730918314,6.13528625842621e-05,6.047734892821278e-05,8.48615491122473e-06,1.9992669335231294e-05,3.9970682714789774e-10,0.8858884904989109,365.00000006533384,0.015027322404371584,5.9312584198778495e-05,182.5,23789.873695303126,1.0000000000000002,0.00546448087431694,1.8657558885278969,6.04552765253036e-05,0.0,0.824001029129275,2.3549102479591966e-05,0.1002135711629224,0.17486338797814208,0.7157949562775664,0.45081967213114754,25.366956736613293,-2.2578925308595283,1.5685210786263186e-05,1.2000547706031376e-05,7.353735607665998e-08,1.1809021722883419e-05,7.272442962857899e-06,2.9829534469171274e-07,0.07923497267759563,28.066218364528407,0.8901034667527211,61.0,12.0,1.0216640049759071,0.00011548693692017527,61.0,0.4371584699453552,6.452813785033044e-05,0.39150998358318134,-2.3952133004401253e-09,0.1374080982665017,-2.265656064139912,-3.2681991449244574,0.8434113035107538,2.4866317237835065,58.0,0.45081967213114754,0.0,0.9172404619252328,-0.02905426747435515,0.15496658849208256,0.6855245941680111,7.180607732911535e-10,0.004380199912701452,2.944096207168166e-06,3.142230563166211e-05,2.145496462077428,3.1247608955130036e-05,1.0400732561009996e-09,0.0,3.044531161239211e-05,0.07298611706154541,2.0,8.341181263669071e-08,198.74585771588806,0.0008350115385837,0.00014201032485029245,0.00013051908172195,-0.0006166346138343,0.00025103182894840745,6.301697914518248e-08,0.8437040395870373,365.0000145044421,0.015027322404371584,0.00013047229334583788,182.5,1512.452031159701,1.0000000000000002,0.00819672131147541,1.9191496234772902,0.00018177076999559998,0.0,0.780207475575011,0.00032508573692911107,0.28317308079130843,0.19672131147540983,0.2658412753414095,0.4672131147540984,13.716198938249393,-1.0962264726529845,0.000196748422180355,0.00018948265656095362,-7.706171034017955e-07,0.00016392377979677355,0.00010576915883574997,1.7469354630027267e-05,0.1830601092896175,34.68966344010311,1.3218728133772084,73.0,15.0,1.025558035445763,0.0014516461524180001,72.0,0.3989071038251366,0.00028841621228576606,0.1671735863033033,1.5480361381234484e-07,0.20112159376737093,-0.3486199043568832,-14.991176285363958,0.8967307569001874,1.8100621785218152,61.0,0.4672131147540984,0.0,0.33205160717792687,-0.012613041138290652,0.15439327262220132,0.3322108047026374,1.0547218098555475e-07,0.06916116964474807,9.115385722721614e-06,0.00035237376404012474,2.1652749968461413,0.00035221774472872193,1.3026197870810703e-07,99.0,0.3079690046760604,10.527943643741292,2.0,0.0008437506977426312,182.0654085452379,0.0385898947715759,0.028847921151118148,0.028482878580689375,0.0193852093070745,0.003040199537242297,9.242813226248278e-06,0.9418919620674093,365.00141726798336,0.015027322404371584,0.02873477619141335,182.5,117.8446545772658,1.0000000000000002,0.00273224043715847,1.8793769399708544,0.02802731776610013,0.0,0.7730630719827205,0.0036013106672236166,0.5469137261071682,0.17759562841530055,0.8994462463326363,0.3989071038251366,19.357037409172023,-0.07321127050667102,0.0023463809521491606,0.001814567986620619,1.5593733485430926e-05,0.0018162250518798956,0.0010256742437680655,-4.600360989569924e-05,0.0,17.533387365652796,1.0749554280608953,62.0,15.0,1.022004842982733,0.0192046854645014,62.0,0.35792349726775957,0.02900767774171828,0.35074589579746634,-9.121896844733394e-07,0.08359170002593018,-7.267824497224788,-1160.1284494085514,0.8279904174257009,4.242094372436628,54.0,0.3989071038251366,0.0,1.5592595193085732,-0.04294155425887866,0.133380314055888,0.6605948539025221,1.463943994301141e-05,0.6623173151165259,0.0016860351649668922,0.007451656551508297,2.137603005149772,0.007232769578699245,5.850424071689945e-05,0.0
13,Rian Renaldy,"Waru, Pamekasan",1.1231971709266666e-07,0.0059009344806551355,5.0,3.077252523086758e-10,168.84488961686313,3.311950422357768e-05,1.6135938259531433e-05,1.5868969057919458e-05,-2.265378270749352e-06,6.820261682323703e-06,4.6515969415372956e-11,0.9304184889060765,365.0000000057869,0.015027322404371584,1.5929018172755604e-05,182.5,54239.95025546198,1.0000000000000002,0.00273224043715847,1.8352479337449341,1.3657818851697811e-05,0.0,0.8003320226116529,8.580761103379095e-06,-0.18706109832498452,0.18032786885245902,0.6887326961930986,0.4344262295081967,41.05617806338728,-2.78407771423526,5.408877639153386e-06,3.7065842231898483e-06,7.223932856064474e-09,4.373575029603672e-06,1.8478820796493291e-06,8.354699174459534e-08,0.07377049180327869,26.4838604145652,0.8293898062853554,60.0,16.0,1.021322736901369,3.538488249432703e-05,60.0,0.34972677595628415,1.7518118418676795e-05,0.06349526560604263,-9.95464569763144e-09,0.13584256464976005,-1.8486827182465404,-0.9957528210093771,0.7707565219449717,2.471541937991724,56.0,0.4344262295081967,0.0,0.8635128050869224,-0.029458252412353347,0.14881769661246297,0.42276758377828816,7.722149683103453e-11,0.0013529032414642947,6.737109335212608e-07,9.847389274297498e-06,2.1424006352829235,9.819850963700273e-06,1.0467913455740707e-10,6.0,3.375006413631577e-06,0.025228990655866756,3.0,9.246592914059115e-09,184.64295734285938,0.0002608241435761,1.1282703182730463e-05,5.052563178153746e-06,-0.0001972867175936,9.536262164959489e-05,9.094029607883784e-09,0.983929739814236,365.00000129401036,0.015027322404371584,1.0709075771334298e-05,182.5,3173.3089667324066,1.0000000000000002,0.00819672131147541,1.892654020114211,8.863169932765003e-06,0.0,0.7955954498055947,0.00014185081535186692,-0.41735963960416766,0.19398907103825136,0.21637952235190172,0.46174863387978143,31.62286923964697,-1.5587360838540032,7.694156019990236e-05,5.660021363416554e-05,1.8759598460082498e-07,7.005847758891301e-05,3.384727824593197e-05,1.5536912321818211e-06,0.1284153005464481,25.337619804152265,1.0199365021183997,65.0,14.0,1.0228550659105913,0.00045811086116969997,64.0,0.3825136612021858,9.602775119200376e-05,0.14995723682321596,7.034779274776965e-08,0.18151040901088467,-0.021109145129180627,-6.811187463486828,0.8310095970969311,2.0691675325272216,57.0,0.46174863387978143,0.00546448087431694,0.5936159688395088,-0.01767369469002319,0.14775332124599452,0.159843163424902,1.5148293703712903e-08,0.020659077976470423,3.7756482051094326e-07,0.00013804638000487423,2.1664537781167166,0.0001380457496218649,1.9876294819138425e-08,95.0,0.27281591624345014,9.911389610543829,2.0,0.0007474408664204114,178.9159492235279,0.0347780734300613,0.0271575462775396,0.027190012236436176,0.0195908397436141,0.002804702915477437,7.866358444087636e-06,0.8396127221274393,365.00136203155364,0.015027322404371584,0.027152650182445788,182.5,129.58034584951386,1.0000000000000002,0.00273224043715847,1.9052376273372191,0.02794381827116006,0.0,0.7531700627007136,0.003788604259942499,-0.07590425336749673,0.18579234972677597,0.9003288023473011,0.40710382513661203,20.98546844181017,-0.07326005385349664,0.0022279534734192122,0.0018550885846353564,-1.6046509350816625e-06,0.001913646502154193,0.001133946908844833,0.0003033012151717994,0.0,15.188686382445717,1.3548206458578618,67.0,18.0,1.0237026322725993,0.015187233686447199,67.0,0.3825136612021858,0.02730199037178046,-0.10466909428960217,-4.3948459641118635e-06,0.08263833590582952,-7.526397237296609,-1081.444870175053,0.8188878564597593,4.1496138806912635,58.0,0.40710382513661203,0.0,1.5557222868950087,-0.043187569253912865,0.13442324798001423,0.6439259845273962,1.3589877763004525e-05,0.6771073333919051,0.0015776742760583709,0.0069961178197022866,2.1396723256004564,0.006793636961385859,5.216130899276919e-05,0.0
14,Ahmad Dafi Zidni Alfarisi,"Paciran, Lamongan",3.2462081439995873e-07,0.010391989686815527,3.0,8.893720942464623e-10,199.38142488762017,5.128389566380065e-05,2.846090717465649e-05,2.810724846616116e-05,8.78091395861702e-06,8.770340850985712e-06,7.691887864246878e-11,0.8403145046448222,365.00000001123306,0.015027322404371584,2.8612427134551886e-05,182.5,40850.85614117018,0.9993583051330969,0.00273224043715847,1.933218327444184,2.365695755543129e-05,0.0,0.7515553471004642,1.1689030528335328e-05,-0.353145863716009,0.18579234972677597,0.7101976157006397,0.4344262295081967,36.37513863373532,-2.57892729309166,7.138935276318685e-06,5.368962202008213e-06,-4.365075010895097e-08,5.875335899266552e-06,3.3507844818814226e-06,-1.8577017928894868e-07,0.06830601092896176,22.431434381880603,1.1532249596721678,69.0,19.0,1.0247162362808873,4.250298170518363e-05,70.0,0.33879781420765026,2.9781573427992046e-05,0.1664955584542892,2.207723678130818e-08,0.1316312045788047,-2.456432287715397,-1.4978059865449702,0.7890582224317811,2.601344936994065,64.0,0.4344262295081967,0.0,0.9304383146077844,-0.030544991156867804,0.14898203605080085,0.40562811659398357,1.082967329134665e-10,0.001959671203732998,1.959772317674961e-06,1.4403638193060804e-05,2.159364368473629,1.4239382701556274e-05,2.1790916030761056e-10,0.0,6.200904046834461e-06,0.031866225377137604,2.0,1.6988778210505372e-08,181.06457946356136,0.0003511662410649,3.3100695653274526e-05,2.6958006098235877e-05,-0.0002661117875201,0.00012588369525466753,1.5846704730970006e-08,0.749239383436822,365.0000036034928,0.015027322404371584,2.7674884374087708e-05,182.5,2985.196913335596,0.9993583051330966,0.00273224043715847,1.9610805103751523,1.1663325343150017e-05,0.0,0.7225037473275102,0.00016032441042108353,-0.22478480912880805,0.20765027322404372,0.12308456969462139,0.45901639344262296,12.782813881537852,-1.333449326671984,9.95887737403051e-05,0.00010804669011283408,7.101833433221744e-07,7.849794452946905e-05,8.778297827418075e-05,9.015361380700017e-06,0.18579234972677597,34.45316375441977,1.2961255128671043,83.0,18.0,1.0292315011315836,0.000617278028585,83.0,0.4234972677595628,0.00013016282412309867,0.15489712490733445,1.5482404071357782e-07,0.20464915788385526,-0.14076204030153083,-6.66206485618644,0.8945652268474513,1.9137934784304478,58.0,0.45901639344262296,0.00819672131147541,0.35902498429241136,-0.011702755497891168,0.14594992121747347,0.23287715687784383,2.9435241713779325e-08,0.03943704189118444,2.931142208995187e-06,0.00017141258960668657,2.1827182468886983,0.00017137914034654552,3.0079238294848547e-08,127.0,0.32617210950852393,10.840512623156709,3.0,0.0008936222178315724,185.07759074688573,0.0381157919764518,0.02969817797851001,0.0293240182412167,0.0214683692902326,0.00303296090136564,9.198851829212675e-06,0.8442813182555977,365.00118005675256,0.015027322404371584,0.02970984904095525,182.5,99.63861250895921,0.9993583051330966,0.00273224043715847,1.8550407313269643,0.028959709499031237,0.0,0.7724320605554348,0.004429299081675719,-0.38622114488232695,0.18032786885245902,0.9152375715417366,0.4180327868852459,31.497270867660134,-0.12214915098128738,0.00249287599655795,0.0017836211011085874,1.2678713388910953e-05,0.0021020608643690496,0.0011128927063611023,-3.6917626857028984e-06,0.0,17.339128058210758,1.3836121445073193,70.0,13.0,1.025053267749791,0.016647422686219198,71.0,0.3989071038251366,0.0298526485771777,0.25005342745853343,3.5002598194650425e-06,0.07751697426781314,-7.749308870376574,-1202.5143541088692,0.7928065731365651,4.9590879989220795,54.0,0.4180327868852459,0.0,1.7605723847228218,-0.04450913331467479,0.133447282332006,0.5998429825559328,1.3903348736036683e-05,0.6510217019046344,0.001810370154871174,0.007709971342471473,2.1195423966776747,0.007473545236803333,6.508388441877399e-05,0.0
15,AHMAD MAULANA ISHAQ,"Kertosono, Nganjuk",3.4785684199127024e-07,0.010814451110164484,3.0,9.530324438116992e-10,170.54160139981573,5.627620657833177e-05,2.9616253737714226e-05,2.9157408589526314e-05,8.897073166735936e-06,8.561894917255255e-06,7.330604457412137e-11,0.9519790925450758,365.00000001044555,0.015027322404371584,2.987532568946942e-05,182.5,38659.103547781546,0.9993583051330969,0.00546448087431694,1.891324647880454,2.5479769860794476e-05,0.0,0.833773355160119,1.2227452780659096e-05,-0.14210338191617966,0.1830601092896175,0.7503018679317912,0.4426229508196721,25.951781738276804,-2.600423589106985,6.915472142582265e-06,5.521149760576769e-06,-4.0937917244625473e-08,6.004359190114882e-06,3.955823255334206e-06,-2.8576135134374033e-07,0.060109289617486336,21.695188133102793,1.0037212620618727,71.0,17.0,1.025053267749791,4.737913341159583e-05,70.0,0.40437158469945356,3.082902090613312e-05,0.3017019276360327,-1.5518879026345345e-08,0.12664790735444417,-2.609257699265156,-1.563790748337233,0.8172253175249986,2.6849030303905947,66.0,0.4426229508196721,0.0,0.9933920462940303,-0.03183092778491665,0.14887000788906354,0.6305670433801537,1.2919160709229624e-10,0.0020152196626105207,1.412660816284622e-06,1.3501979353951578e-05,2.1545483508451335,1.3405631344766656e-05,1.9101479031098357e-10,0.0,9.899780285185936e-06,0.037696508327457495,1.0,2.712268571283818e-08,175.4652467137964,0.0005145684717717,8.399143012728193e-05,5.988395417131999e-05,-0.0002652334114827,0.00014140021103005166,1.9994019679343144e-08,0.7385726512462706,365.0000056151987,0.015027322404371584,8.438813154041253e-05,182.5,2550.970224078247,0.9993583051330966,0.00819672131147541,1.9573870220904677,7.697247656340047e-06,0.0,0.7377088187134528,0.00016529503331727972,0.6392959195269783,0.20218579234972678,0.22989625933104185,0.4672131147540984,19.119857176892843,-1.3043498699196303,0.0001091133017001941,0.00012065897699527625,-1.3162521261692895e-06,7.948867848499999e-05,7.21126728941169e-05,-4.779688765662481e-06,0.20491803278688525,39.2353604919709,1.4303518578022214,85.0,15.0,1.0298941615982293,0.0007798018832544001,85.0,0.4289617486338798,0.00016446452509331374,0.7705267221785461,-4.376753550694151e-08,0.21385735968884662,-0.38013398214455996,-6.322349043340829,0.9059754099570109,1.7656982260899854,62.0,0.4672131147540984,0.0,0.20415671452221185,-0.009326584973359912,0.15228079574653677,0.3927860076720284,3.62494047657753e-08,0.04404052660327583,4.730385140115979e-06,0.0001849446855950711,2.17617028236056,0.0001848786736392869,3.522114723512052e-08,108.0,0.3360731910186898,10.977825811861198,2.0,0.0009207484685443556,187.0643313926878,0.0414377362467348,0.030079510506092696,0.02966024783589606,0.0195518764667212,0.003668216195919495,1.345581006000609e-05,0.7506194135987463,365.00200316812135,0.015027322404371584,0.0301469219848513,182.5,92.00690997506182,0.9984744065485794,0.00273224043715847,1.916075530532833,0.02940051336772732,0.0,0.7131994536096845,0.004767468528977251,0.09646925835979925,0.1830601092896175,0.883534868827935,0.4016393442622951,37.63707407107954,0.011531171225435803,0.002895604716969425,0.002374751972707704,1.9701425470922176e-05,0.002357637373885774,0.0016904908698053,-0.0001535021699965028,0.0,16.88078786176253,1.2026455594294247,79.0,21.0,1.0279013777389105,0.021885859780013603,79.0,0.39617486338797814,0.03030235572271811,0.33632755553900123,5.985826128802501e-06,0.08536996200095327,-6.6062763078115125,-1247.1908044665051,0.7658302815326086,4.096493746523212,59.0,0.4016393442622951,0.0,1.506089336853413,-0.04248267490551196,0.1333398214923784,0.48169126950965513,1.836318665607171e-05,0.8667844700383119,0.0018458148191245517,0.007962466267805064,2.1427917578973457,0.00771905550355837,6.776299659418376e-05,0.0
16,Rahardian Ananta,"Jabon , Sidoarjo",3.3886817077017174e-07,0.011103258719506893,93.0,9.28405947315539e-10,187.40822889125997,3.164104556881285e-05,3.0419886902758613e-05,3.0419886902758613e-05,2.919872823670438e-05,7.06965252017462e-07,4.997998675601136e-13,2.087222104263049,365.0,0.015027322404371584,3.0413195622396674e-05,182.5,410572.0577602325,1.0000000000000002,0.00273224043715847,0.9999999999999966,2.9320844103309802e-05,0.0,0.9973521412160765,1.2211586660542339e-06,-1.2000179164644842,0.10109289617486339,0.981298866285428,0.00819672131147541,83.4413499516037,-5.612197908519714,6.122521531176025e-07,6.6912803619410075e-09,6.6912803619410075e-09,6.122521531176033e-07,6.6912803619388725e-09,6.6912803619388725e-09,0.0,-0.6749016274030865,0.0,0.0,0.0,1.0,2.4423173321084677e-06,0.0,0.00273224043715847,3.042810081231139e-05,4.289016163702308e-15,6.691280361940995e-09,0.006944789795829568,-74.62778068580384,-1.0729851732193656,0.3109290486241735,70.53453671287171,0.0,0.00819672131147541,0.0,7.886002023854255,-0.06272023990697513,0.04277849838442501,0.21041594609867975,1.9969415387956593e-14,2.4423173321084677e-06,1.7721815126735388e-06,6.496640919811376e-06,1.9303007511358272,6.239029991279201e-06,4.880732746462896e-11,0.0,6.967344370853512e-06,0.048833579903933236,93.0,1.9088614714667157e-08,232.56662273771494,0.00019202293477117043,0.0001337906298737897,0.0001337906298737897,7.555832497640893e-05,3.371242185944254e-05,1.136527387629019e-09,2.0872221042630414,365.00000000001864,0.015027322404371584,0.0001334715487510643,182.5,8609.888055387237,1.0000000000000002,0.00273224043715847,0.9999999999999987,8.138155546614701e-05,0.0,0.9973521412160886,5.823230489738076e-05,-1.2000179164644846,0.10109289617486339,0.9624261626825387,0.30327868852459017,83.44134995160371,-3.9338060240441846,2.9195922729371715e-05,3.19081122725374e-07,3.19081122725374e-07,2.9195922729371732e-05,3.1908112272538034e-07,3.1908112272538034e-07,0.0,-2.1796763529793206,0.0,0.0,0.0,1.0,0.00011646460979476151,0.0,0.00273224043715847,0.0001379726785622951,-6.912429141049219e-16,3.1908112272537383e-07,0.04413231462198578,-6.635899708533273,-6.826679333492457,0.3109290486241735,10.082604685378069,0.0,0.30327868852459017,0.0,2.764170460424327,-0.053124023159826006,0.09993996795674424,0.12575166368758484,4.5409750935204655e-11,0.00011646460979476151,7.785963547685483e-06,3.134769165432704e-05,1.9303049868602502,3.032216750276887e-05,1.1568949814569986e-09,0.0,0.31598804246698753,10.723948280811886,93.0,0.0008657206642931166,185.10209014274554,0.030005716527541002,0.02938068022140243,0.02938068022140243,0.02875564391526386,0.0003618521998595828,1.3093701454321944e-07,2.0872221042630428,365.0000000021407,0.015027322404371584,0.029377255364930438,182.5,802.1512053772981,1.0000000000000002,0.00273224043715847,1.0000000000000007,0.028818147545877713,0.0,0.9973521412160693,0.0006250363061385718,-1.2000179164644842,0.10109289617486339,0.9814265983312648,0.0,83.44134995160374,-2.9030647596356376,0.0003133743671872835,3.424856471992174e-06,3.424856471992174e-06,0.000313374367187284,3.4248564719924213e-06,3.4248564719924213e-06,0.0,-0.6485194917743361,0.0,0.0,0.0,1.0,0.0012500726122771436,0.0,0.00273224043715847,0.0293829084211698,-5.628693713455095e-15,3.424856471992194e-06,0.003808797627773467,-141.06379347386343,-1014.2260245306394,0.3109290486241736,129.77745003085056,0.0,0.0,0.0,10.752789124917072,-0.06352948065915506,0.03186830332626267,0.21503502748626246,5.231565277991949e-09,0.0012500726122771436,0.0017117273806680877,0.006270763387745005,1.930300548600947,0.006021761628619713,4.5465917420014346e-05,0.0
17,Verdi Setyawan Ardiansyah Putra,"Menganti, Gresik",9.056374067607862e-07,0.016844241110641197,3.0,2.4811983746870854e-09,189.6603607756128,0.0001034645186986,4.6130442825154536e-05,4.236856410508543e-05,1.263748415820171e-05,1.8611861511152e-05,3.464013889103012e-10,0.9240833563957319,365.00000003191496,0.015027322404371584,4.5603458948822756e-05,182.5,16211.282120971076,1.0000000000000002,0.00273224043715847,1.8980628821115932,3.5344242793301285e-05,0.0,0.8352884437323769,2.581529063740715e-05,-0.0734721192519392,0.16939890710382513,0.6688949026103033,0.4262295081967213,91.15673099617884,-2.3260262079132765,1.5027064621804005e-05,8.772840395506039e-06,5.937909001815751e-08,1.2202490250144487e-05,3.891059956610359e-06,-4.236843418918119e-07,0.06830601092896176,12.781538078837015,1.0882548663551452,59.0,15.0,1.0209810373074868,9.08270345403983e-05,59.0,0.3087431693989071,4.974353369187952e-05,0.7224862524086356,1.8810298541799284e-08,0.12134140415143228,-2.0727709789059143,-2.946002329582785,0.7137236088054022,3.0882834730885818,65.0,0.4262295081967213,0.0,1.0992904416996983,-0.03320026750686895,0.14003846399496578,0.3510176323383717,4.891453630389633e-10,0.003202086744359704,2.9775871805383807e-06,2.9141855652938498e-05,2.140529987818694,2.8944847501319394e-05,8.979776133189835e-10,0.0,1.0912183441751794e-05,0.042160606359693764,2.0,2.989639299110081e-08,172.14870521705123,0.0004612348566297,8.686927128681846e-05,6.48983790300435e-05,-0.000302355839033,0.0001492261323071213,2.2268438563342474e-08,0.828263351223915,365.0000042864658,0.015027322404371584,9.018636827109608e-05,182.5,2319.1711668086373,1.0000000000000002,0.00546448087431694,1.8549719162904843,4.125997401521498e-05,0.0,0.766746655798706,0.00017987160452080108,0.07446454287786164,0.19672131147540983,0.3153151063122461,0.46174863387978143,27.75197276022219,-1.3896114556948556,0.00011736156996695784,0.00010630469914956274,5.442770710901368e-07,8.384649313897124e-05,7.025736751009999e-05,-2.0617367596000036e-06,0.16939890710382513,40.29514634382072,1.2739442639048095,81.0,16.0,1.0282345121346654,0.0007635906956626999,80.0,0.4262295081967213,0.00017266936282168106,0.29989916581789433,-7.20744162040835e-08,0.19005313195455262,-0.3794383814327245,-10.09282358570201,0.8349297060849431,1.8562823058263462,53.0,0.46174863387978143,0.0,0.40319386512237804,-0.015469250555558447,0.15450773499083448,0.29242319679129036,4.194985600529728e-08,0.0388012151895904,6.563251791561269e-06,0.00020393117829349517,2.1575155491818787,0.00020381086916687648,4.519175359860338e-08,100.0,0.31194611244802056,10.59936540898784,3.0,0.0008546468834192344,183.61450125668776,0.0367012741310256,0.029041322921036773,0.028905091966901497,0.0207940568445158,0.0029855226746633343,8.91334564092891e-06,0.9878743329546728,365.0013240042741,0.015027322404371584,0.02892366786490608,182.5,129.72900647489072,1.0000000000000002,0.00273224043715847,1.9169111829103886,0.02954302635209619,0.0,0.748064225063224,0.00399703465558314,-0.2571971491230296,0.19398907103825136,0.9110704568173517,0.41530054644808745,32.511316788827514,-0.043733162382499365,0.002403338742958901,0.001942678263246217,1.8990284090361908e-05,0.0020326555601576004,0.0012715784360057616,-0.00019892024119259888,0.0,14.603932895694674,1.4327855817744017,74.0,17.0,1.026061871834679,0.0159072172865098,74.0,0.3879781420765027,0.029194379298845607,0.2119652702478344,1.4513507935282423e-06,0.08243644654051266,-7.475631678294244,-1161.0494778157872,0.814954429370673,4.4105086994024845,61.0,0.41530054644808745,0.0,1.6208675699087614,-0.043239666674152084,0.1351352428873905,0.5924561133665143,1.471603976074014e-05,0.7090775660848692,0.0017146069821685566,0.007520487217842564,2.1391205801802813,0.007297215156273619,6.027231772559756e-05,0.0
19,A.Choiril Anwar El-Asfihani Risydan,"Banyu Ajuh, Perumnas, Kamal",8.004752200000001e-07,0.01574083,11.0,2.193082794520548e-09,166.6377444466051,8.26e-05,4.304207650273224e-05,4.28e-05,-1.07e-05,1.8288532345715102e-05,3.3447041536026753e-10,1.064938505016166,365.0000000236846,0.015027322404371584,4.265e-05,182.5,16778.523489932883,0.9407093233870728,0.00273224043715847,1.7865946782787752,4.0615e-05,0.0,0.8802090638764604,2.9249999999999996e-05,-0.7657198791127189,0.15300546448087432,0.7187015086474725,0.4207650273224044,84.4374021446491,-2.4887392067046132,1.5275323240467018e-05,7.368602739726027e-06,-2.9041095890410923e-08,1.4399999999999998e-05,4.4999999999999976e-06,3.9999999999999617e-07,0.04918032786885246,17.63359226106642,0.8123486844539136,60.0,18.0,1.0228550659105913,9.33e-05,60.0,0.24863387978142076,4.676634222416077e-05,-0.04901045727719365,-3.353549974881462e-08,0.11701819778461353,-2.1175909154416916,-2.776324865921281,0.625413449774202,2.9522789561157885,57.0,0.4207650273224044,0.0,1.0986783081238984,-0.03431586811574486,0.1426153647352997,0.24744917251880227,4.387982205625766e-10,0.00268954,1.497576758765284e-06,2.5125295035568473e-05,2.1182374400981927,2.5072590418260906e-05,6.998187845974653e-10,2.0,1.642135817926275e-05,0.052793137000000004,2.0,4.499002240893904e-08,197.23962409682102,0.000622951,4.4689870218579236e-05,4.135e-05,-0.000517922,0.00020705051159147423,4.286991435029121e-08,0.8164397140821735,365.0000090794696,0.015027322404371584,3.575349999999999e-05,182.5,1767.2965311503685,0.9974332205323865,0.00273224043715847,1.931994370489736,0.00010955814999999994,0.0,0.7674632443397092,0.00028565775,0.018456064984758047,0.1912568306010929,0.16643714339832208,0.4672131147540984,13.006315222708196,-1.170906629346204,0.00016476130180805636,0.00015099323561643834,8.09049315068495e-07,0.0001434645,9.4716e-05,6.299999999999997e-06,0.17486338797814208,33.782916375961925,1.1666615057440586,71.0,19.0,1.0253898832529524,0.001140873,72.0,0.3633879781420765,0.00021181855171453862,0.20319940021266103,3.293336010808621e-07,0.2004437402922318,-0.10217952525484576,-11.640932498920597,0.8784790250337734,1.9072580009218605,62.0,0.4672131147540984,0.00546448087431694,0.4028425119028102,-0.012787960789454635,0.14972994910159493,0.2235669595551285,7.04476209379873e-08,0.055112531,7.115014944772557e-06,0.00028308209524462803,2.173141932208232,0.000282962383005941,8.287087688555795e-08,104.0,0.3059613100694778,10.484809522499999,3.0,0.0008382501645739118,183.44725566985454,0.036737002,0.028734503079234974,0.028761234,0.020132462,0.0032075218420525523,1.0288196367244199e-05,0.8971159235193802,365.0014461615111,0.015027322404371584,0.028611115,182.5,123.44337899092459,0.9993583051330969,0.00273224043715847,1.8744425972013379,0.029264959,0.0,0.7885922482822162,0.004303410249999997,-0.27057178585728137,0.1912568306010929,0.8939576211363484,0.3989071038251366,17.744317733081886,-0.05411402805658247,0.002556153012795246,0.0018917171589041097,2.448747123287669e-05,0.002159738999999999,0.001146633000000001,-6.157000000000037e-05,0.0,15.670187356831837,1.047147540412181,58.0,13.0,1.0206389047348732,0.016604539999999997,57.0,0.3469945355191257,0.02891297050767714,0.062043513402576196,1.1718300445891797e-06,0.08442237686414139,-6.818429190993456,-1182.9775819858646,0.8234969668704382,4.351635311888761,57.0,0.3989071038251366,0.0,1.5775043918858764,-0.042727198637643425,0.13391426831287548,0.6818558062648887,1.6805387020121787e-05,0.690476763,0.0016379293268548342,0.0073378091844355075,2.1289046813366195,0.007128429797026847,5.695178658942394e-05,0.0
20,Muhammad Isa,"Bandung - Jogoroto, Jombang",4.3137795762857573e-07,0.01180508658075,11.0,1.188369029279823e-09,199.15550101437748,6.215173e-05,3.252687577129121e-05,3.30929145e-05,4.0913765e-06,1.1274157696181682e-05,1.2710663175837267e-10,1.079159823121228,363.0000000104851,0.015109890109890112,3.2662950500000003e-05,181.5,36026.787213257405,1.0,0.0027472527472527475,1.813646942328923,3.6024570925000004e-05,0.0,0.8455191792490813,1.4643255e-05,-0.13612434501929727,0.17032967032967034,0.7263999882492352,0.42582417582417587,124.05242294827056,-2.6732073118244957,8.90541329370698e-06,4.514758074380165e-06,1.2433057851239704e-08,7.479482999999999e-06,1.8273800000000008e-06,7.098800000000034e-08,0.038461538461538464,19.233742311031495,0.8150948233477905,42.0,13.0,1.0150237608655512,5.806035350000001e-05,41.0,0.23626373626373628,3.442534355964199e-05,0.05536398918889319,2.6574839795470177e-08,0.11499316839841664,-2.569987404425247,-1.8507556312201976,0.6470710784704522,3.0610835404008454,57.0,0.42582417582417587,0.0,1.1290764788990333,-0.035026718961494174,0.1435708344342912,0.30494208650160637,1.4834075865699835e-10,0.001638857181,2.009100950725463e-06,1.5910393461139265e-05,2.127769552409205,1.5761354800135256e-05,2.716751930170045e-10,0.0,1.5880129682195e-05,0.053997541938340006,5.0,4.3626729896140106e-08,204.587522378149,0.0005315757,6.561273967879453e-05,4.4791876e-05,-0.0003877123,0.000197995386311389,3.920217300059617e-08,0.9205699238025761,364.00000552543577,0.01506849315068493,7.07943275e-05,182.5,1819.4005651523921,0.9993562486743118,0.0027397260273972603,1.8457466964963336,2.5967299999999944e-05,0.0,0.8144872780079104,0.000222113792,-0.16730385140469073,0.1863013698630137,0.30707525656895585,0.4575342465753425,44.70411651202807,-1.3225621348688241,0.00015360598543463072,0.000115671886590989,-9.216604120879108e-07,0.000116748174,6.7968091e-05,-8.208040000000003e-06,0.15342465753424658,31.357180159406813,0.8948604472982263,66.0,16.0,1.0234363180609005,0.000919288,65.0,0.39452054794520547,0.0002085838071585458,0.10717680763325241,3.135283296322932e-07,0.18215801819930308,-0.18038342367891327,-13.757658244375296,0.7844123807494603,1.9625418854363035,56.0,0.4575342465753425,0.0027397260273972603,0.48460897992560004,-0.017519362013499056,0.1503042733459164,0.22015717187189732,5.102436950736694e-08,0.042104566719119996,3.1824121180686973e-06,0.00026423221271968,2.1552802681905328,0.000264208278384249,7.468420628955987e-08,78.0,0.3252991823548903,10.7914587335,4.0,0.0008936790724035448,188.79605778689842,0.03845658,0.029652916189041097,0.029662667,0.020692801,0.0034547356012356563,1.1935198074445092e-05,0.9323051017205537,364.0012340595355,0.01506849315068493,0.029417929000000002,182.5,116.98194079590778,0.9993562486743118,0.0027397260273972603,1.8927043228075848,0.03046287945,0.0,0.8143409489220622,0.004960994,-0.3222889680896244,0.18356164383561643,0.9095236287973383,0.37534246575342467,58.22167093738604,-0.06138453612046428,0.0027705461573503468,0.0018249192719780219,7.641271978021983e-06,0.002574591000000001,0.0011972110000000018,-0.00014322099999999893,0.0,14.911135193139458,1.0023503805869753,60.0,15.0,1.0215601941229049,0.017763778999999997,60.0,0.29863013698630136,0.029853486171446383,0.2807723135613451,8.654626643436726e-06,0.07514399631539304,-7.084371526441934,-1251.7821603613397,0.7305539895329254,4.913160306912134,55.0,0.37534246575342467,0.0,1.7149686870089855,-0.045436272921607915,0.12451249147704453,0.4141656315151686,1.4518596315965106e-05,0.664270615,0.0018276674175588953,0.007996082323326319,2.127659482958528,0.007760305747961719,6.84862232004817e-05,0.0
21,Mochammad Zaenal Abidin,"Widang, Tuban",3.98930734378148e-07,0.011463475070937191,4.0,1.0929609161045152e-09,200.94878300127286,5.897436240047682e-05,3.140218952064175e-05,3.107820592712963e-05,1.062830961018335e-05,1.0192015374939245e-05,1.0387717740299796e-10,0.8576697130899653,365.0000000145726,0.015027322404371584,3.124035399461415e-05,182.5,33297.99337511083,0.9993583051330966,0.00273224043715847,1.893494632441658,2.7549428086786065e-05,0.0,0.7812065697959506,1.4906824789509947e-05,-0.3086132931938437,0.18579234972677597,0.7301304949684853,0.43169398907103823,67.1674208744683,-2.5676345304034727,8.317524402546862e-06,6.169646766092727e-06,-2.0583937337040436e-08,7.43445863254598e-06,3.7726520531577962e-06,4.458128159966855e-08,0.07103825136612021,32.170268771773856,1.1760000990993538,77.0,16.0,1.0274009172126632,4.8346052790293466e-05,78.0,0.33879781420765026,3.301476463786014e-05,0.26098864234770935,2.70136545997435e-08,0.13313408096072052,-2.461607806924677,-1.6250592023388983,0.7317699502642362,2.4457426269834475,62.0,0.43169398907103823,0.0,0.8794898227455406,-0.030157174877821144,0.15138097444267945,0.3722248765578502,1.4646268798153467e-10,0.0022519210696238454,2.032054343134938e-06,1.4689590248216583e-05,2.1521825077145085,1.4524269418877226e-05,2.2825571374212778e-10,0.0,3.7224351510313227e-06,0.0259647803063763,2.0,1.0198452468578967e-08,185.475307796198,0.0002596506442387,2.473771098214893e-05,2.4869556215081604e-05,-0.0002011674841014,9.776826427686821e-05,9.558633499711544e-09,0.8897249053351461,365.00000160333445,0.015027322404371584,2.5996373520369003e-05,182.5,4072.0807437060084,0.9993583051330966,0.00273224043715847,1.8937027378712832,6.200673651645007e-06,0.0,0.7639131678605728,0.00011718014742601528,-0.2723360401183941,0.1994535519125683,0.24002474900567802,0.4644808743169399,34.24564451044884,-1.5386486752420754,7.668007631657417e-05,6.96573400659367e-05,-1.8100117140669697e-07,5.871638351335429e-05,5.4233686036943915e-05,-1.1715457557805902e-06,0.16393442622950818,35.77837414630935,1.068912344669678,86.0,14.0,1.0303901148455488,0.0004608181283401,87.0,0.4016393442622951,0.00010084933239416053,0.04208588262835028,2.014530382343154e-07,0.1895152012807455,-0.12280356315862838,-6.316883344351449,0.8191183308639017,2.0332300445154217,60.0,0.4644808743169399,0.00273224043715847,0.4727261246726411,-0.01560806321827061,0.14767450782498703,0.18369565624863538,1.66660456513125e-08,0.025424929124066898,3.1330620554500636e-06,0.00013958819513866207,2.1549470394625643,0.00013954887516312293,2.1104154564244077e-08,107.0,0.32084466426459257,10.744960280565529,3.0,0.0008790264774372399,184.81904269992745,0.0378966584801673,0.0294391476306504,0.02916861968558455,0.0211898256093263,0.003156161043265044,9.961352531023892e-06,0.830604499309295,365.0012779502923,0.015027322404371584,0.0293762572264919,182.5,101.64032221860792,0.9984744065485794,0.00273224043715847,1.925277592658133,0.027037217114120653,0.0,0.7453845821146617,0.004265489673707622,-0.1774893106580091,0.1885245901639344,0.9053115034497358,0.39344262295081966,55.37078610047178,-0.04874491533408745,0.0025486788454822423,0.0019135220422395413,1.7967771177422457e-05,0.0021833935636096004,0.001312008224963402,6.872406229379777e-05,0.0,12.016885708919425,1.2672388311413918,78.0,16.0,1.0275678387985863,0.016706832870841,78.0,0.38524590163934425,0.0296078497319588,0.22636874482908548,3.008771517945568e-06,0.07747977906173262,-7.701348593352511,-1195.4110896442012,0.7458646798221462,4.804561625753788,55.0,0.39344262295081966,0.0,1.7039200931704186,-0.04451873151356467,0.1295368013565783,0.4741904590380819,1.3475077382687523e-05,0.6984355454174326,0.001767218306948436,0.007519000970803662,2.1470707392195094,0.007280090515566603,5.9521949299154294e-05,0.0
22,Alghifari Amar Mukhasyafah,"Sidoarjo, Wonoayu",7.0709541193178e-07,0.015743453698078,22.0,1.9425698129994e-09,194.954860808353,6.32197749967288e-05,4.32720276609133e-05,4.2956674237589e-05,2.75978062828389e-05,8.04856049463757e-06,6.47793260358406e-11,1.4647862669669,364.000000000502,0.0150684931506849,4.27350011023009e-05,182.5,35643.3000060528,0.912962542742042,0.00821917808219178,1.36542687658977,4.00654953327003e-05,0.0,0.967216296477244,1.30335126849114e-05,-0.568869720843618,0.112328767123288,0.917282236485432,0.306849315068493,98.2060646945444,-3.45689209076853,6.72040039066948e-06,8.77015900487252e-07,6.48593195175793e-08,6.4426507210387e-06,3.82136024090599e-07,0.0,0.0,-1.08530241136674,0.874132990649738,46.0,10.0,1.02965387742021,3.56219687138899e-05,51.0,0.0356164383561644,4.40141761699874e-05,0.292077726519583,2.57078120594778e-08,0.0436726373202472,-7.64190568692896,-2.07801468195895,0.449925047802549,10.3759113104401,50.0,0.306849315068493,0.0,2.81283499929725,-0.0536462542844025,0.0991477313408449,0.689161905684354,4.60292381082865e-11,0.00031923378777736,2.65376050412131e-06,1.31872739717871e-05,2.00705982441382,1.29066162367632e-05,2.0613753462615e-10,0.0,1.53267303258072e-05,0.0625684448124194,20.0,4.21064019939757e-08,213.455246435931,0.0004383778420257,0.000172110514090581,0.0001284095856135,1.30297775707991e-05,0.00011121606416336,1.23690129279886e-08,1.54440175127681,364.000000113285,0.0150684931506849,0.000172711128875044,182.5,1848.28888312257,0.940094711649549,0.00273972602739726,1.4161031520276,7.68319872390343e-05,0.0,0.941932369597758,0.000182625913718387,-0.757745611244121,0.112328767123288,0.734575550977029,0.361643835616438,141.857398164098,-2.20494263205746,9.67521037401639e-05,1.51383168303468e-05,8.67278794915115e-07,6.66166052139081e-05,8.43300361280915e-06,0.0,0.0164383561643836,1.15282792503778,1.09139228265564,58.0,8.0,1.03377689524261,0.000425348064454901,57.0,0.0219178082191781,0.00020491715884355,0.663319822672314,3.07053886937423e-07,0.0741142540350095,-1.97874872268221,-14.8381718717436,0.485501345500355,5.56656043370788,56.0,0.361643835616438,0.0,1.873537867604,-0.0457049033589441,0.117840854172442,0.245346122616868,1.02390135780108e-08,0.00551034732624624,1.12397241673464e-05,0.000131733522987098,2.00362698604799,0.000131248658030145,2.26036398836232e-08,0.0,0.365994007470426,11.4015854284108,46.0,0.00100547804250117,207.164874589354,0.0430054185912012,0.0313204232302759,0.0303177426755427,0.025158090982586,0.00466416089072274,2.17543968145476e-05,1.77793016207448,364.000021487199,0.0150684931506849,0.0310892369210099,182.5,69.4979651038918,0.954374573498787,0.00273972602739726,1.16704618982787,0.0278351901238783,0.0,0.974509680855488,0.0062549525608469,0.227908457195554,0.10958904109589,0.982394874422472,0.131506849315069,50.4061146018203,-1.15843504498411,0.00364399984544805,0.000205238969040367,1.9896037791728e-05,0.0027328110056428,0.00014177967040315,0.0,0.0,-0.819838831523731,0.500866990172142,46.0,5.0,1.02681466979789,0.0178473276086152,48.0,0.0191780821917808,0.0316658066080458,1.05944697688706,3.43807304150912e-05,0.0192254228499319,-15.4369818862417,-1319.77447139049,0.275341480411513,25.5392506757941,54.0,0.131506849315069,0.0,4.64355424355283,-0.0600238363648106,0.0686522384542966,0.298370338301582,6.9218974130209e-06,0.0747069847306934,0.00179803740700175,0.00658619996820339,1.94583096516094,0.00632340813476079,4.97953735928431e-05,0.0
23,M. Fatihul Umam,"Kwanyar, Bangkalan",3.561887353084103e-07,0.010138825073113367,13.0,9.785404816165118e-10,173.03878573702173,6.520858126653668e-05,2.7826569052107614e-05,2.626646725426933e-05,-2.84717975773674e-06,1.4196534914494166e-05,2.015416035784519e-10,1.0730706318976109,364.0000000164631,0.01506849315068493,2.8933257453900296e-05,182.5,20724.83110804484,1.0000000000000002,0.0027397260273972603,1.7858371783496978,2.097233660075896e-05,0.0,0.8547101154800026,2.0581319939297198e-05,-0.5853691203036742,0.16164383561643836,0.6724273170625414,0.44931506849315067,81.8028437978365,-2.585730410832191,1.1713513311643021e-05,6.067764975058385e-06,3.932127633511348e-08,9.738892761864314e-06,3.667100372695128e-06,-2.5962253857869485e-07,0.057534246575342465,17.77195955519766,0.9416758977777193,57.0,16.0,1.0203594922114798,6.805576102427342e-05,57.0,0.2054794520547945,3.123875075591477e-05,0.36733273703265146,-9.612672053757366e-09,0.12841817881237338,-1.713879882735288,-1.8816521312990686,0.6512081931744966,2.7038938322872377,55.0,0.44931506849315067,0.0,1.0321169073496,-0.031538555778672046,0.15308999214134283,0.2628194584504341,2.946177490494207e-10,0.0022086664509212523,1.0685550963057126e-06,1.8393364782221778e-05,2.126274175188151,1.8355120876543627e-05,3.696059653604153e-10,6.0,1.89232385571644e-05,0.0581756656589543,2.0,5.1986919113089015e-08,201.28742152585693,0.0006366936140693,3.2502847595211345e-05,3.626829129643738e-05,-0.0005919724353589,0.00022536205114418253,5.078805409591315e-08,0.9288288127953925,364.0000094961773,0.01506849315068493,2.248368400615e-05,182.5,1691.7807412822842,1.0000000000000002,0.005479452054794521,1.8805824051947024,8.379389182660993e-05,0.0,0.8242332694546476,0.0003138247746391,-0.13999681203900183,0.18904109589041096,0.1649177302898597,0.4547945205479452,27.385848260944847,-1.1843215580415747,0.00018207506063841805,0.00015119092432824382,-1.131167019783557e-06,0.0001610039616934626,8.247462574214343e-05,-4.341891326449996e-06,0.16712328767123288,28.275145149684004,1.3274828860823467,66.0,17.0,1.0232662962752737,0.0012286660494282,65.0,0.36712328767123287,0.00022769384971428342,-0.02012205439513259,1.166262802926969e-07,0.19328274289674768,-0.051048331507523755,-13.906635280211223,0.8669201229986357,1.9188391899867567,53.0,0.4547945205479452,0.010958904109589041,0.4056985330315923,-0.014617238134885226,0.14625401430295268,0.15400490966507907,8.342241394402574e-08,0.05503349645548075,1.1017954598003614e-06,0.0003278908603896288,2.154088204636775,0.00032788830836605977,1.1419063573529084e-07,103.0,0.29598508660282075,10.316484398197241,3.0,0.0008131458423154416,180.3546692298341,0.0353886224329471,0.028343492659568804,0.0283570569008588,0.0216007824055849,0.002750358039264943,7.5644693441493005e-06,0.9559052568848001,364.0008594594619,0.01506849315068493,0.028265262022614403,182.5,144.9862716028151,0.9993562486743118,0.0027397260273972603,1.8514424710013175,0.02918409442063411,0.0,0.7966835031047815,0.0035843086661770003,0.08212386066506827,0.1726027397260274,0.9457973995064753,0.3917808219178082,29.191501709496812,-0.19973674150993243,0.0021598279020846223,0.001347698284796266,2.8691556468442313e-05,0.0017796189834674014,0.0005723545327782995,-2.3843398825698983e-05,0.0,10.12119133778754,0.8481070475165012,50.0,16.0,1.0182886219781855,0.013787840027362202,51.0,0.23287671232876714,0.02847662278935443,0.24910292673012752,-2.215033009353225e-06,0.07205705066463186,-8.153516596870919,-1148.1563764765588,0.7981161479136734,5.362381114703722,50.0,0.3917808219178082,0.0,1.851907814178328,-0.04624156913600458,0.12688575359884252,0.5931237105187704,1.174502320566436e-05,0.49056217566584087,0.0016081649674932127,0.006700262752935857,2.122624094995534,0.006479872334900175,4.764035185614168e-05,0.0
25,dedy Nurohim,"sambeng, lamongan",3.790335225176623e-07,0.011165508435953157,6.0,1.038448006897705e-09,194.64857450626454,5.74397932117184e-05,3.059108772985062e-05,2.935152965619636e-05,6.8181675487721805e-06,9.989798234496797e-06,9.979606876595531e-11,0.8900281230836864,365.0000000127866,0.015027322404371584,3.094704538852966e-05,182.5,30103.571063016927,1.0000000000000002,0.00273224043715847,1.9098215419987399,2.453573653080336e-05,0.0,0.7853079069513278,1.3969506642248132e-05,-0.42028588146130463,0.1721311475409836,0.7416046907030891,0.4453551912568306,122.82631116416502,-2.6020271625488522,8.160935980313067e-06,5.638967311091419e-06,2.2519926713847553e-08,6.863238119573608e-06,3.3643259255290822e-06,-6.440317924393096e-07,0.06284153005464481,28.514857645263536,1.2743222490753983,66.0,15.0,1.0235333304623841,5.062162566294622e-05,67.0,0.3770491803278688,3.2180906097581725e-05,0.24769717009686135,1.7743951896347934e-08,0.13368177708715892,-2.519609094418,-1.5452519307871038,0.6797758855244237,2.3800054328778457,54.0,0.4453551912568306,0.0,0.8802368547086294,-0.03001584224636887,0.15557719153647584,0.2792809670528327,1.2278482203328783e-10,0.002058223068548368,1.8642837394978407e-06,1.3165040107384873e-05,2.1515135427897407,1.3004646472634877e-05,1.7991494178248215e-10,0.0,6.127033087603977e-06,0.033047762223476176,2.0,1.6786392020832813e-08,192.26692366352003,0.0003603501245379,5.514688931819295e-05,4.859558345439534e-05,-0.0002344076783629,0.00011704421455281964,1.3699348160286477e-08,0.7949346912799623,365.0000025581362,0.015027322404371584,6.447451087295597e-05,182.5,3374.8636065405,0.9993583051330966,0.00273224043715847,1.9269664175966617,3.323333294245999e-05,0.0,0.725657680520926,0.00013672686873177967,0.13702664693758448,0.20218579234972678,0.29123784946424663,0.4562841530054645,21.989090514878967,-1.4337700782217568,8.960667423439601e-05,8.502558179442227e-05,-5.122448304948318e-07,6.784586086282754e-05,6.482310903565237e-05,-5.421604458076346e-06,0.16120218579234974,40.39391980319065,1.4250819392051508,79.0,16.0,1.0277346589190233,0.0005947578029008,78.0,0.41530054644808745,0.0001293851906585893,-0.1023108551910834,2.793912872503927e-07,0.18985444456444892,-0.28356541246045597,-7.975229913917028,0.847179081304994,1.9521214873034334,60.0,0.4562841530054645,0.0,0.4544535139089271,-0.015520521708163369,0.15012796676030438,0.2190036765170542,2.270952871747926e-08,0.031034337354964126,4.093564497982071e-06,0.00015690229443667832,2.182205369934619,0.00015683902807790028,2.555741329626442e-08,98.0,0.31257518492656533,10.609934783504837,2.0,0.0008563703696618228,185.4092318751436,0.0370823323726654,0.029077920640715793,0.02881075789531065,0.0220477441946665,0.0029163489367500326,8.505091120883046e-06,0.7643715849404228,365.0013776581917,0.015027322404371584,0.02901666583936835,182.5,105.01950507031572,1.0000000000000002,0.00273224043715847,1.9207911041820853,0.027309850056966116,0.0,0.7239096596086813,0.00427088793236895,-0.29089941759790294,0.19398907103825136,0.8873074204477058,0.412568306010929,45.81462701008949,-0.064317596486688,0.0023751570574957414,0.0020551064458879174,8.960529549481367e-06,0.002077931662400551,0.0015628693195489998,2.2675593694100604e-05,0.0,20.37691647656563,1.5779656557987354,86.0,13.0,1.0300595783296291,0.015034588177998902,86.0,0.412568306010929,0.029223801257000234,0.35566279436484177,3.7161192012915453e-06,0.08374130069994892,-7.656518657261754,-1141.5151775902264,0.7874490515247935,4.296188745286337,61.0,0.412568306010929,0.0,1.574015155092615,-0.04290294990163482,0.1354496327879089,0.5020180495426243,1.2112128658398048e-05,0.7501138527490898,0.0017395578550440391,0.007021701972316038,2.145499185935623,0.006777528808436662,5.22625293296073e-05,0.0
26,Marshella Aulia Putri,"Kec. Kalianget, Sumenep",1.1289442764185341e-07,0.005975562156702807,6.0,3.092998017585025e-10,187.88644847785181,3.057883895962732e-05,1.6374187529557996e-05,1.693865025724032e-05,7.728081179436685e-07,6.351433151643821e-06,4.034070307980016e-11,1.0107284835195391,365.00000000487205,0.015027322404371584,1.638666809330144e-05,182.5,52454.060498125895,0.9993583051330969,0.00273224043715847,1.765639324442292,1.7166125080869678e-05,0.0,0.841165126199045,9.568606363548802e-06,-0.5741950332622228,0.17759562841530055,0.7064071204069419,0.4371584699453552,65.16409279994542,-2.890659597034365,5.210662804735214e-06,3.3346030173064506e-06,-1.186021956079322e-08,4.739403100491776e-06,1.7713039284217302e-06,1.0725050907982667e-08,0.06830601092896176,30.53345792907027,0.5719566351102771,56.0,13.0,1.0201248908291878,2.980603084168365e-05,56.0,0.32786885245901637,1.7562879044534038e-05,-0.3831648671050312,6.174972215212486e-09,0.1316018536320716,-2.0800817986493723,-0.9650460724121325,0.7485821465207716,2.4950080504443064,59.0,0.4371584699453552,0.0,0.889777970532419,-0.030552565149702792,0.14835848318356473,0.5045868864639698,6.928729932503416e-11,0.0012171301013168545,8.022660957277457e-07,9.117379774809212e-06,2.1250335523674337,9.076928932410947e-06,9.177990359772394e-11,0.0,6.937963354388166e-06,0.03488548331300072,3.0,1.900811877914566e-08,175.28522579075025,0.0003278202784713,-6.212609532346978e-06,4.007869695972962e-06,-0.0003303490884718,0.0001375412211345441,1.891758751118156e-08,1.1146952644353287,365.0000025271331,0.015027322404371584,-8.4705620793e-06,182.5,3409.769467196475,1.0000000000000002,0.00273224043715847,1.8844231190856824,3.164406334690495e-05,0.0,0.7929158882510732,0.00016706566523223102,-0.2886103110766163,0.19398907103825136,0.2347176946969098,0.4562841530054645,34.623432189265976,-1.401524526953022,0.00010799995984896163,8.464822630343975e-05,-1.7353595467284307e-07,8.714910018170485e-05,4.828477987446549e-05,1.075593439359997e-05,0.14207650273224043,20.72774740144812,1.316247263152789,74.0,19.0,1.026061871834679,0.0006581693669430999,74.0,0.2786885245901639,0.00013768145854973707,-0.16723385641751284,1.954783064585368e-07,0.18008940120487277,0.04143755151212776,-9.574021717495546,0.8002115974594862,2.096217887543781,64.0,0.4562841530054645,0.00546448087431694,0.6116339000058957,-0.018040384835969377,0.14757038319575158,0.20959701561127708,3.1365513130051054e-08,0.03089660260075551,2.733716743161649e-06,0.00020988163343626116,2.1643380947674227,0.0002098605358946041,4.670398521964457e-08,110.0,0.28673432631306606,10.159920196980215,4.0,0.0007855734967481262,180.1544225971581,0.0352353882044553,0.027836647581899365,0.0275157204208274,0.021211814135313,0.0029237257865756317,8.548172475087296e-06,1.1361914764636825,365.0010741591952,0.015027322404371584,0.02794904401525845,182.5,98.68767060612315,1.0000000000000002,0.00273224043715847,1.8411849620041518,0.027522422466427034,0.0,0.8542571169210769,0.0042181981843896,-0.5024250033379181,0.18032786885245902,0.9147125580073495,0.41530054644808745,33.78313799545822,-0.12149278767815783,0.0023882233125383694,0.001643627274730433,6.653256204030427e-06,0.0020206589251757015,0.0009692516177893934,0.00011652625269359743,0.0,13.385885284883377,1.1715057657383825,63.0,14.0,1.0223452523657828,0.0140235740691423,63.0,0.4098360655737705,0.027989768149699827,0.18046506198853754,-3.0526685352253335e-06,0.07801851113819265,-7.6515853832204765,-1130.6225029775292,0.784058061735196,4.874370332581174,66.0,0.41530054644808745,0.0,1.7447744571605774,-0.04437971204941586,0.133531048976793,0.6471540368256419,1.3904695403000548e-05,0.599923955276608,0.0016135286351618506,0.007597424434848722,2.099996401320733,0.007407068088979658,6.35208582952743e-05,0.0
27,Robbaniyah Umdatun Ni'mah,"Cerme, Gresik",2.3821523287555946e-06,0.02758014947992842,1.0,6.562403109519544e-09,187.1156909137647,0.000201400743753,7.594287014994164e-05,7.528659850679925e-05,1.6308587424687557e-05,2.787570632176772e-05,7.770550029374408e-10,0.5723820441603877,363.00000023627234,0.015109890109890112,6.898674463275186e-05,181.5,72295.14785565663,1.0,0.0027472527472527475,1.9854113027536802,8.10908421395969e-05,0.0,0.6380245941537968,7.502781807580531e-06,4.501127636384005,0.18681318681318682,0.6741946523372283,0.46153846153846156,20.928403803565853,-2.0554906154998736,1.624119420755252e-05,2.344716437812141e-05,-7.325124549535284e-08,3.567301266996384e-06,1.6889214347456417e-05,2.5241217043939094e-08,0.15109890109890112,47.08620396930575,1.1294809889787272,92.0,11.0,1.0322337306838967,0.00018509215632831242,92.0,0.46428571428571436,8.089730854329047e-05,1.4488467822963862,2.5241217043937505e-08,0.1760252582308401,-1.8406912498184118,-3.075692873438647,0.9025368623793556,1.8041436518105831,61.0,0.46153846153846156,0.0,0.43512652933441687,-0.019192306488933858,0.1624924278587657,0.5516396764058611,1.4517767996436294e-09,0.008511320669258072,4.6481024741057e-06,3.4891244134728914e-05,2.1800272551555455,3.44983015745999e-05,1.2293256037012074e-09,0.0,1.918073401909005e-05,0.06078723151875379,1.0,5.283948765589545e-08,201.53076222615172,0.0008173773077235,0.00014929741710668286,0.00014271004678948173,-0.0004850654235498,0.00017436916434261686,3.040460547354253e-08,0.5161708367272585,363.0000097206704,0.015109890109890112,0.00013848547105187317,181.5,6008.973448778521,1.0,0.0027472527472527475,1.9945984694717114,0.00010103380552318504,0.0,0.597671573531434,8.000187898390317e-05,3.6766904968509335,0.18956043956043955,0.37622624833398843,0.4752747252747253,6.6993462380169,-1.2775392098577758,0.00010397821820411682,0.0001437289417049645,-4.384353537079235e-07,3.987092560411211e-05,7.105545229029998e-05,3.4670370090532647e-07,0.19780219780219782,53.354473850367924,0.7378442341813587,88.0,17.0,1.0310752206536054,0.0013024427312733,89.0,0.4615384615384616,0.0002295524433071218,0.3927553166361546,3.467037009053228e-07,0.216794984607618,-0.5512671682401162,-7.291851648810618,0.8977655324204732,1.8062318391153243,61.0,0.4752747252747253,0.0,0.196613799360784,-0.008614843622827537,0.15727415135256864,0.33730366352860175,4.955923133830235e-08,0.05217360583890211,1.335590598121873e-05,0.0001842399724729506,2.186400967343805,0.00018362259698042057,3.439342490725115e-08,65.0,0.3514086979962544,11.205613013080605,13.0,0.0009680680385571747,167.92346556028548,0.0433563115997077,0.03086406131592751,0.030621769839737877,0.0204545095273617,0.0035802555866010543,1.281823006538806e-05,0.7498467216121822,363.00202768657476,0.015109890109890112,0.030588271327166003,181.5,128.97688557372675,1.0,0.0027472527472527475,1.9412561008978408,0.0307603204599174,0.0,0.7150525989497952,0.0037355703356786833,1.5365078854759382,0.17857142857142858,0.9152265943897439,0.4285714285714286,39.710544151370215,-0.0628989849846613,0.002640333046319164,0.0023115443715509987,-8.50338034632892e-06,0.001871523506065535,0.001744326418504024,-1.8637805860741152e-05,0.0,33.71488076664976,0.9090335566048733,102.0,13.0,1.0353541755916458,0.022901802072346003,101.0,0.4478021978021978,0.031071023655147266,0.6558184310521109,-1.8637805860741156e-05,0.09277725260638306,-6.978887259845955,-1178.325056174095,0.716319246513276,3.5717669202205764,58.0,0.4285714285714286,0.0,1.3899839306497004,-0.04079050609499396,0.1448364532802249,0.4078362673329947,1.5717067743916334e-05,0.8390906068730126,0.0017070493033326797,0.006723534976129046,2.137030136249207,0.006479505162820721,4.876860194853012e-05,0.0
28,Rachelia Andini Tendean,"Tikala, Manado",3.112818780561011e-08,0.0029065978007565716,5.0,8.528270631674002e-11,173.30481370493945,1.9500635971780863e-05,7.820200335552856e-06,8.250584073721257e-06,-5.380816674005473e-06,4.8881653173527294e-06,2.389416016977011e-11,1.253591439005802,365.00000000186856,0.015027322404371584,7.785289079720313e-06,182.5,80368.24859403101,0.9685224618311515,0.00273224043715847,1.7814354983577245,8.30398228117701e-06,0.0,0.8993670400698377,6.945569351538931e-06,-0.4495887704648651,0.16120218579234974,0.5663065900654276,0.44808743169398907,27.684272314612876,-2.994939373470721,4.024114805058561e-06,1.9249162076679045e-06,-1.3238893923898257e-08,3.565631211379447e-06,8.557111868867671e-07,2.521231294849713e-07,0.06284153005464481,5.369615119734159,0.8669017404524682,40.0,14.0,1.0147549523586752,2.4881452645786336e-05,41.0,0.22950819672131148,9.222239069659337e-06,-0.10521327460711348,-7.776817418754064e-09,0.12472848907302232,-1.3164566128625637,-0.6781867175992755,0.7449065898233509,3.1890242195760323,57.0,0.44808743169398907,0.0,1.1488101273264897,-0.032326232431920454,0.14198096592146625,0.4194629119131279,4.00498141484843e-11,0.0007025944157987851,5.288592771726208e-07,8.25884546693591e-06,2.12279110554612,8.238582041373441e-06,7.464643985829517e-11,22.0,3.8071902888194934e-06,0.025977516352747657,2.0,1.0430658325532858e-08,202.05692419242052,0.0003039902076125,-1.0081088870486425e-05,-8.450878794982561e-06,-0.0003030946827493,0.00010149153120460352,1.030053090625501e-08,0.904874108708813,365.00000174425554,0.015027322404371584,-1.332758711216853e-05,182.5,4126.439508964463,0.9974332205323865,0.00819672131147541,1.875168555435384,3.080200694969003e-05,0.0,0.8113555554211691,0.00012834718272641252,0.33583257285443846,0.1830601092896175,0.18057798548497647,0.453551912568306,18.124099900326183,-1.5371957183196894,7.989014081940969e-05,6.179696586930099e-05,2.17404215630903e-07,6.546743588842278e-05,3.4912791306834206e-05,-8.060364052653313e-06,0.1721311475409836,30.216639406850124,0.8687795219232884,53.0,14.0,1.0192660151947968,0.0006070848903618,54.0,0.3879781420765027,0.00010199097636099801,0.052528563628452214,5.772525099447556e-08,0.19166439976312513,-0.02445715270509717,-6.249537818476089,0.8337116176030294,2.006481026604354,56.0,0.453551912568306,0.00819672131147541,0.4667198140259932,-0.015053463938916246,0.144913922861068,0.25684020225595705,1.8021624418705697e-08,0.022555892542294863,8.467338800460623e-07,0.00015155480198282692,2.1509242754908384,0.00015155185936537607,2.4509165671535934e-08,81.0,0.23595620208529847,9.182491060346347,7.0,0.0006464553481788999,186.96725298636198,0.0334461443126201,0.025171024371142058,0.024899699592164537,0.0164867080748081,0.0033329579720063483,1.1108608843160671e-05,0.9963118787379563,365.0010965486533,0.015027322404371584,0.025130161084234652,182.5,96.19280741977039,0.9993583051330969,0.00546448087431694,1.8237812590227682,0.0241184543818235,0.0,0.8221267813525285,0.0047695208340883255,-0.4789078536726654,0.1721311475409836,0.8865437324353277,0.4180327868852459,85.58309788437866,-0.12530710824598024,0.0027535359463868253,0.0016227855410886143,1.2051747882203023e-05,0.0023252012740288368,0.0009890180081129317,0.0001539224758743997,0.0,16.860085474628747,1.307252767077786,64.0,13.0,1.0226852345613489,0.016959436237812,63.0,0.319672131147541,0.02539072816474132,0.22440110138434022,4.8504527172114515e-06,0.0809198113603262,-6.410700243623502,-1087.0304597067047,0.7338197418176634,4.592850092046336,62.0,0.4180327868852459,0.0,1.6670386057564146,-0.0436310334022002,0.13320358594008813,0.7917022859152841,1.6669890474483548e-05,0.5923167224973442,0.0015274752132064036,0.007584169662030192,2.111310039070488,0.007415197174433127,6.385081488336092e-05,0.0
29,Nurhabibatul Umah,"Kerek, Tuban",7.731552841e-07,0.01577334,8.0,2.1182336550684933e-09,194.08037612414725,8.87e-05,4.3203797814207656e-05,4.31e-05,8.79e-06,1.5680496989886235e-05,2.4587798584983125e-10,0.9761592130316361,365.00000002430306,0.015027322404371584,4.345e-05,182.5,21929.824561403497,0.9260227125940319,0.00273224043715847,1.8452991231695366,3.6758500000000004e-05,0.0,0.8134672303728836,2.2774999999999998e-05,-0.3921173078891278,0.1721311475409836,0.7235441019482467,0.4426229508196721,107.78279463243378,-2.469334666714039,1.2977097255815344e-05,7.303890410958904e-06,4.684931506849312e-08,1.14e-05,4.2000000000000004e-06,2.0000000000000486e-07,0.0546448087431694,21.74244523015763,0.962310652851442,56.0,13.0,1.0218344776473585,7.991e-05,58.0,0.1912568306010929,4.596135476050249e-05,0.21143144139810277,2.5959482356137457e-08,0.12355226845815284,-2.3169355080593936,-2.504378551174441,0.6880375743903905,2.8155925593992097,56.0,0.4426229508196721,0.0,1.0567494834768545,-0.032629755401397925,0.14894323988313732,0.3037637094673684,3.2127661155767275e-10,0.00266592,2.7910369221792973e-06,2.30419914404533e-05,2.137329748458909,2.2840154088788493e-05,5.692291979141388e-10,0.0,4.6129944446e-06,0.028718890999999996,2.0,1.263834094410959e-08,209.8771678222608,0.000308636,3.317025136612022e-05,2.3049999999999998e-05,-0.000254808,0.00010725457744185979,1.1503544382231898e-08,0.8822993223165754,365.000002198035,0.015027322404371584,3.36375e-05,182.5,2957.6348385722904,0.9914157630126421,0.00273224043715847,1.916902950392549,-1.2581999999999942e-06,0.0,0.8098459859383907,0.0001472405,-0.23651554805547592,0.1994535519125683,0.22526062523023307,0.453551912568306,20.389435405555417,-1.4715319602694141,8.546172277464241e-05,7.476128219178083e-05,-9.252054794520402e-08,7.475e-05,4.4000000000000006e-05,-2.0000000000000486e-07,0.1721311475409836,36.22606650450218,1.3268599749498857,72.0,16.0,1.0253898832529524,0.000563444,71.0,0.3989071038251366,0.0001122666912219448,0.22395980107035993,2.3213195696377114e-07,0.194577196473943,-0.16411465809053688,-6.615149321854483,0.846369600433666,1.9067909479753098,57.0,0.453551912568306,0.00273224043715847,0.40564147155832025,-0.014301818630225768,0.14892659926112656,0.20976980408300872,1.8992705439409818e-08,0.027287868000000003,8.060650434721347e-07,0.000152759069294539,2.1602259990469617,0.00015275608666867905,2.4645743389799336e-08,93.0,0.3255515951091362,10.822535522,3.0,0.0008919221783811952,185.17218331305426,0.038546169,0.0296543116284153,0.029504957999999998,0.021616321,0.0031791562376606575,1.0107034383456667e-05,1.0429057376937667,365.00129843385764,0.015027322404371584,0.0296272215,182.5,108.45888171951574,0.9984744065485794,0.00273224043715847,1.9013181713618355,0.0292347526,0.0,0.742720336224836,0.004622983499999997,-0.39290376339556987,0.1885245901639344,0.905428415376834,0.39344262295081966,22.07591179718938,-0.04400201253339172,0.002590665869001762,0.0019299196383561644,2.0961610958904112e-05,0.0023178,0.0011636320000000012,-0.00014627500000000127,0.0,12.119794725442022,1.2525633567602954,75.0,16.0,1.0265647814982015,0.016929847999999997,75.0,0.3360655737704918,0.029824239010218242,0.19021635543547294,3.4650714662558058e-06,0.07795474989068076,-7.553301743717118,-1210.9976970006983,0.7763393295244347,4.628717003525991,59.0,0.39344262295081966,0.0,1.674682332508607,-0.04439616559812751,0.13028806863226555,0.5541029283634754,1.4621403648494547e-05,0.704420668,0.0018149951188500446,0.008006484374967069,2.1441130995022304,0.007772417998362464,6.864058548823508e-05,0.0
30,Fahdimas akmal,"Kwanyar, Bangkalan",2.928263180846781e-07,0.0095667407179666,6.0,8.022638851635015e-10,169.32718442301797,4.908707705908455e-05,2.616684031662654e-05,2.4904015219817666e-05,5.150708564845748e-07,1.0740967143574813e-05,1.1536837517935364e-10,1.0238924053171847,365.0000000085043,0.0150273224043715,2.6663955981293288e-05,182.5,28124.06892669585,0.9993583051330968,0.0027322404371584,1.8107388936690687,1.7515273027394568e-05,0.0,0.8496461878793942,1.53321709817454e-05,-0.711505433328044,0.1721311475409836,0.7382856875633882,0.4207650273224044,66.47486786680128,-2.648832193633948,8.880551596733865e-06,4.991842795824504e-06,1.5873893177923942e-08,7.620309988644955e-06,3.547686953803593e-06,1.5294262993847886e-07,0.0519125683060109,14.567504757249688,0.9783145314725658,73.0,16.0,1.025894029566716,4.857200620259997e-05,73.0,0.2677595628415301,2.82855423730072e-05,0.2637509411832341,-1.3093242974654762e-08,0.1136922157178117,-2.117453751119177,-1.734510044381177,0.6822052123008329,3.1725125119039994,59.0,0.4207650273224044,0.0,1.181658066621098,-0.0351741356385059,0.1405406847611481,0.3189886138103621,1.6905108281039654e-10,0.0018220226204759,1.035271726198693e-06,1.552527454342318e-05,2.138902650579694,1.548304076574679e-05,2.623433292544293e-10,0.0,5.695827797920077e-06,0.0311488703673414,2.0,1.5605007665534458e-08,217.16116424041903,0.0003476951442962,3.9741955650476347e-05,3.429834968274544e-05,-0.0002391555406373,0.0001182495158283,1.3982947993644088e-08,0.8979215138649203,365.0000029741975,0.0150273224043715,3.709341194732542e-05,182.5,3523.6229251494524,0.9993583051330968,0.0027322404371584,1.9688260007367355,2.4927267582775003e-05,0.0,0.6987663951160792,0.0001409540748849,-0.0198973079175663,0.2021857923497267,0.1860628498685067,0.4644808743169399,19.095281382803467,-1.3696159776293522,9.193961749356552e-05,9.602956563757584e-05,2.971875534712575e-07,7.099424628860456e-05,7.291076724e-05,0.0,0.1666666666666666,35.88705564995268,1.0990984093260532,86.0,18.0,1.0303901148455488,0.0005868506849335,87.0,0.4344262295081967,0.0001247492325931,0.1991697858951868,2.810151713775614e-07,0.1974038220118845,-0.1842590661231439,-7.229905951751777,0.8895181678955058,1.990107337494102,54.0,0.4644808743169399,0.0027322404371584,0.4533812095751757,-0.0135724097370037,0.1477966850203509,0.1582007827112219,2.367751015735788e-08,0.0350507914577151,3.251167508863495e-06,0.0001507264379186,2.1863462609987323,0.0001506751117366,2.309538026307197e-08,108.0,0.2939204195231445,10.303410614079782,2.0,0.000805261423351,182.92156084030745,0.0361140679035867,0.0282297071914215,0.0279896277468651,0.02282948885113,0.0024788883424466,6.144887414317756e-06,0.9473223627486648,365.0009915309484,0.0150273224043715,0.0280993613480988,182.5,133.05449516267208,0.9993583051330968,0.0054644808743169,1.9210516492805665,0.0274790915194898,0.0,0.7350103485897882,0.003458895335918,0.1812775683201439,0.1939890710382513,0.9203628622567624,0.3961748633879781,11.438265926598142,-0.1079345364877926,0.0019862729096717,0.0016718156731238,2.0570065571020555e-05,0.0017402291155627,0.0010697036393379,7.69340805708979e-05,0.0,11.534863527720876,1.462009080680693,72.0,17.0,1.025726084160307,0.0132845790524567,73.0,0.3688524590163934,0.0283383354403133,0.5709330761342659,5.357340015755511e-07,0.0783474300162935,-8.489696563990947,-1097.232440229426,0.8424033352864377,4.702546952430325,62.0,0.3961748633879781,0.0,1.6858930718552736,-0.0442948347455017,0.1320597552356287,0.7435746618826787,1.011682365395213e-05,0.6102127206902105,0.0016666867712782,0.0069140828939612,2.138718370579753,0.0066866004282903,5.1069128773067135e-05,0.0
31,Muhammad izzul Millah Aqil,"Wonokromo, Surabaya",6.173478621483781e-07,0.014389267695605668,3.0,1.7006828158357525e-09,177.18040653249588,7.310485671041533e-05,3.959309041405064e-05,4.085366473351743e-05,6.298369044088759e-06,1.1331275381110173e-05,1.283978017625535e-10,0.9217854801830256,363.00000001685464,0.015109890109890112,3.962126083933981e-05,181.5,38197.509061383724,1.0,0.0027472527472527475,1.824188438846932,4.3041937260568375e-05,0.0,0.8462154961327046,1.566064644353709e-05,0.11041852329949942,0.17307692307692307,0.7595337771083305,0.43131868131868134,22.616053542298513,-2.5796441621417396,9.061449048557983e-06,6.0263546176489505e-06,-2.7066637489613674e-08,7.645802485823973e-06,2.969614797621034e-06,-3.1096437048879497e-07,0.05494505494505495,20.17930983187509,1.029922610286306,56.0,13.0,1.0200779330493384,6.680648766632657e-05,56.0,0.3708791208791209,4.1182649384148925e-05,-0.1781621418890013,-9.019489375523299e-09,0.12296054958197114,-2.6829679693366058,-2.0847484480534346,0.8079290099451372,2.768403275648512,60.0,0.43131868131868134,0.0,1.026206202879946,-0.03295962933154845,0.14729089371109366,0.5819265572449528,2.2868519141242438e-10,0.002187566726206569,1.9004079917190424e-06,1.809843989012073e-05,2.132245927541973,1.7977372654494913e-05,3.4906797353589796e-10,0.0,1.729056577680841e-05,0.052382276730814345,2.0,4.763241260828764e-08,210.2044521360931,0.0006733583868481219,2.876220746966257e-05,2.9986776098667178e-05,-0.000541649351362139,0.00021604233324365696,4.667428975336333e-08,0.8508264644948449,363.0000098779135,0.015109890109890112,2.1280678827844738e-05,181.5,2047.6372204422162,1.0,0.0027472527472527475,1.8933256294292844,5.104130832478393e-06,0.0,0.8101193251787909,0.0002518316409328864,0.5718511738720973,0.18681318681318682,0.16672722290704065,0.46978021978021983,26.46860624094506,-1.2083943785662588,0.00016358290613756473,0.0001482663620013966,3.287957741663417e-07,0.00012472491501587985,6.431628207792528e-05,4.077757087846606e-06,0.17857142857142858,36.27223957141041,0.8886865509554095,63.0,17.0,1.0226553981866573,0.0012150077382102609,64.0,0.44230769230769235,0.00021794851302977785,0.17171279258069339,2.4129507703298696e-07,0.20420086397726747,-0.03782754360286757,-11.100170692249064,0.8830654048292745,1.8849958675538823,56.0,0.46978021978021983,0.01098901098901099,0.3704844480487242,-0.011882313266054625,0.14963766772523687,0.15400542718138954,8.484739393215657e-08,0.05382068940650697,7.395832616191515e-06,0.0002914182742885975,2.1696562110992774,0.0002912925457111749,8.802914190348026e-08,96.0,0.32041278289294306,10.677176716737435,3.0,0.0008826798426802839,181.04006545836089,0.0403459519147872,0.029416256126241488,0.029170167632400948,0.0201919209212064,0.003865070966087935,1.4938773572895922e-05,1.0173612194175563,363.00191020677767,0.015109890109890112,0.02940056193619965,181.5,88.34243111664938,1.0,0.0027472527472527475,1.8865651682364477,0.029261234868317762,0.0,0.7670952968382382,0.005263430764898703,-0.03989848197424495,0.18956043956043955,0.8843145642706588,0.3983516483516484,17.810093285039095,0.04774768490388176,0.003064754254678047,0.0022882779972940776,3.263460005282039e-05,0.002546409441327526,0.0014114910736679996,-3.519318997860163e-05,0.0,9.801646308999032,1.2112444014154686,63.0,16.0,1.0223131499825113,0.0201540309935808,62.0,0.3351648351648352,0.02966908994319738,0.24027703048479027,-3.7318115910652935e-07,0.08785986786083443,-5.795125179661773,-1265.9856992393632,0.8336370236100755,4.110601383909344,57.0,0.3983516483516484,0.0,1.500942499188314,-0.04206629230125178,0.13285961499252016,0.6764875929881549,2.523169977533637e-05,0.8306449130177501,0.0017469768707259862,0.008729141298189583,2.1296244530345576,0.00852693419442759,8.156593151914151e-05,0.0
32,Riska Nana Nuril Fadilah,"Asemrowo, Surabaya",1.153672576940003e-06,0.01978799541866446,3.0,3.1607467861369944e-09,178.85597547045916,9.340037286162144e-05,5.4151738629508255e-05,5.265763138595503e-05,1.3833067896484865e-05,1.4822282865932488e-05,2.1970006935771582e-10,1.0097971777172574,365.000000024161,0.015027322404371584,5.380848795704713e-05,182.5,22996.008039294295,1.0000000000000002,0.00546448087431694,1.8393464346725799,4.9638355130796326e-05,0.0,0.8198509682153888,1.9886065522521015e-05,-0.0840454213602988,0.17486338797814208,0.8063107388303404,0.43169398907103823,25.752799261219067,-2.4489282165031914,1.1991276838817564e-05,7.398434077813572e-06,2.1200784966859952e-08,9.849619042749207e-06,3.7340687413234264e-06,-4.759892666091395e-07,0.04918032786885246,20.125434705479083,1.0584137317017146,52.0,15.0,1.018576934028795,7.956730496513658e-05,52.0,0.3524590163934426,5.614366274083204e-05,0.27388663251374823,-7.973313843974311e-09,0.11568900571653985,-3.081023283581955,-2.7896514017480265,0.7330688146351008,3.021280710366634,58.0,0.43169398907103823,0.0,1.1254956070921311,-0.03465886526985646,0.14438444356257907,0.7535910761623348,3.2896152368357156e-10,0.0027004284384019536,2.644031132899051e-06,2.246854259856654e-05,2.1496581858585597,2.2273051170293312e-05,5.280315569269234e-10,0.0,3.324597490897718e-05,0.09188329978423258,4.0,9.108486276432104e-08,172.12743866875968,0.0007599914679303,0.00025170073220507434,0.0002089818002455,3.1169577141554328e-06,0.0001657791857456562,2.7482738426492777e-08,1.099597700895494,365.00000238361287,0.015027322404371584,0.00025301275309170786,182.5,1548.4189931569229,0.9974332205323865,0.00546448087431694,1.7754691025518348,0.00011664813424657712,0.0,0.8707990492525656,0.000258178387108975,-0.20401801625766236,0.16393442622950818,0.563821654939085,0.4344262295081967,36.249250998202555,-1.4636256861970205,0.00013691331023442347,6.907143609771644e-05,9.730439322157168e-07,0.00011296896084803744,3.48182147718e-05,-1.28320971270004e-06,0.07923497267759563,16.625201645500617,0.9932199567735892,42.0,11.0,1.0154539419144364,0.0007568745102161446,43.0,0.3633879781420765,0.0003013901076994123,0.7633728602338326,-9.848323834188809e-08,0.13111297239692524,-1.2102772735356524,-22.199397137986185,0.7622571743814649,2.8254234887949528,58.0,0.4344262295081967,0.0,1.008455044508958,-0.030678720636469127,0.1423675731208259,0.476855159015925,5.044356866988567e-08,0.0252110741756665,1.6047884355744492e-05,0.00027363008882640063,2.1217152221637665,0.00027306188691831587,8.31062856426832e-08,0.0,0.3240162008548171,10.803183136042184,3.0,0.0008877156187803208,184.6758168407194,0.0374792218208313,0.02959582366207049,0.029691596515476648,0.0223935842514038,0.0030622521179061364,9.377388033620618e-06,0.9875870969838231,365.0011042227076,0.015027322404371584,0.02943814328561215,182.5,138.96864921056147,0.9987166102661934,0.00273224043715847,1.8592634765295946,0.030690684914588928,0.0,0.8528208775310534,0.004030614780883023,-0.276097634124127,0.18579234972677597,0.9071475056338851,0.3825136612021858,27.506760115694618,-0.07886389695419618,0.00243794635577426,0.0016841374643861444,2.7644093314262457e-05,0.00203186739236115,0.0010712717970212011,0.00011982396244999971,0.0,11.44926253542485,1.296410518108875,64.0,15.0,1.0230247909981374,0.015085637569427497,64.0,0.2896174863387978,0.02975382607783396,0.11066257073506401,2.830089320078083e-06,0.07477667621830257,-7.532060957728161,-1233.3536598248493,0.8184733612813865,5.003171446714211,59.0,0.3825136612021858,0.0,1.7466040446197377,-0.04521626545530055,0.1255688178691161,0.66380510239918,1.5394271142290253e-05,0.6147101745009427,0.0017289246270232803,0.008050810367743447,2.100954303891761,0.00784369809256194,7.21648360553531e-05,0.0
33,Alifah Sayyidaturrhohma,"Kota Sumenep, Sumenep",7.24001478640165e-08,0.004644097528349132,1.0,1.9890150512092446e-10,189.76437006275674,3.432014273130335e-05,1.2704217756254122e-05,1.2585409032251362e-05,-7.213202479761094e-06,6.079426016667504e-06,3.6959420692133705e-11,0.6519561271047704,364.0000000121863,0.01506849315068493,1.2807130133296596e-05,182.5,505559.9710299027,1.0000000000000002,0.008219178082191782,1.9958000891166081,1.1476802865217905e-05,0.0,0.5590121485588156,8.22027928235318e-07,2.9824666762861503,0.1780821917808219,0.6303859543861505,0.46301369863013697,8.631283477651753,-2.7265328996477436,3.387963467896522e-06,4.99247951103577e-06,-6.816792092949738e-09,4.463354766590177e-07,2.1015362108300906e-06,3.211046594669509e-09,0.1780821917808219,52.26729949543824,1.1180514368782009,84.0,18.0,1.0296538774202064,4.153334521106444e-05,85.0,0.4767123287671233,1.4083911725456681e-05,0.1033383174167386,3.211046594669222e-09,0.19427838359825808,-1.3799382218979952,-0.4846789280883156,0.9228683821508585,1.692415232701533,55.0,0.46301369863013697,0.0,0.270476696593868,-0.014357503828378122,0.16175149231527042,0.6602628672975871,6.273984003300782e-11,0.0018172625420170203,6.097418201381204e-07,6.21144171981032e-06,2.1922999711469973,6.166851602922883e-06,3.830903154760971e-11,28.0,4.76252849640744e-06,0.020568217159274295,1.0,1.3083869495624836e-08,205.4042248868432,0.000427010905696,3.976430324517859e-06,-2.713139110710472e-06,-0.0003431156801525,0.00011415871092344579,1.303221127970286e-08,0.5124788456304507,364.00000458220336,0.01506849315068493,5.643065378535539e-06,182.5,9292.373991985087,1.0000000000000002,0.0027397260273972603,2.001572532692018,3.4412834793250255e-06,0.0,0.5791130329650462,4.514709760601758e-05,1.9723788419501336,0.1917808219178082,0.08269799213778115,0.473972602739726,7.567401660398154,-1.4208223316956585,7.189577506492786e-05,0.0001036934635506516,3.7948872317069005e-07,2.213160951214377e-05,6.636224222999682e-05,1.7699856285636792e-07,0.24657534246575344,55.920618400731826,0.8552402693801763,93.0,13.0,1.0324641796216616,0.0007701265858485,93.0,0.43561643835616437,0.00011422794438239972,0.14573095818568824,1.7699856285636914e-07,0.24388818955058258,0.013093486718075096,-0.896471672021026,0.9320543033368172,1.8143865558693804,60.0,0.473972602739726,0.021917808219178082,0.022895545273802914,-0.0014157181767555371,0.14445069472956323,0.15886240604089308,2.3626302929192535e-08,0.03774442073243718,8.242023177840283e-07,0.00010691070111683097,2.195760643683855,0.00010690683671503476,1.1483885437280493e-08,134.0,0.2723829951618767,9.912140031372171,1.0,0.0007483049317633975,181.99074523455698,0.0349349603056907,0.027238947576725764,0.0272486869346816,0.0198397375643253,0.0020723214465428485,4.294516177801445e-06,0.744038791872808,364.001181055609,0.01506849315068493,0.0271518342196941,182.5,7913.013313821685,1.0000000000000002,0.0027397260273972603,1.9858115666860627,0.02663258779793973,0.0,0.6639319930827048,0.0004431791394070017,2.359214391731361,0.18904109589041096,0.9076516197576406,0.4301369863013699,15.362170156798909,-0.1788659381345157,0.0012206630198125902,0.001725698692286803,2.39595269354489e-05,0.00017518066880299957,0.0012038396671414497,-2.3754531600084228e-07,0.0,19.354831289566537,1.0973363467381752,92.0,16.0,1.031970309630965,0.015095222741365402,91.0,0.4602739726027398,0.02731766427177506,0.37585964329348287,-2.3754531599754102e-07,0.08739411038526884,-9.248416475487875,-961.1410853264172,0.8940274647631585,3.873990021963215,58.0,0.4301369863013699,0.0,1.4966308062046525,-0.042240567003051906,0.14423307974207467,0.7672073436578455,7.2348893219386265e-06,0.6281543239923963,0.0015907260002727395,0.006309001512002522,2.133179015737085,0.0060855587412490175,4.316216363327184e-05,0.0
34,Lailatul Hasanah,"Socah, Bangkalan",3.632362654552454e-07,0.01088142157058607,1.0,1.0232007477612547e-09,172.08352198718566,6.1007037099140384e-05,3.0653956347712725e-05,3.087339738153771e-05,-1.0616532790663769e-06,8.981177461221539e-06,8.066154858995378e-11,0.8167923789280608,355.00000001845484,0.01544943820224719,3.0316490333227247e-05,177.5,225887.40425263596,1.0000000000000002,0.0028089887640449437,1.9696373739524242,3.3076126428947335e-05,0.0,0.6878379569820475,2.7468568784170684e-06,3.2690068183951597,0.1853932584269663,0.7210281279242206,0.4438202247191011,8.731503158906403,-2.580424254623275,5.197743220147986e-06,6.319387107331137e-06,-5.411715348235298e-09,1.3592895381062592e-06,2.7500529929284073e-06,-9.540914514127451e-09,0.09269662921348315,32.014607456922654,1.2231484414110376,83.0,15.0,1.0298122474575457,6.206869037820675e-05,82.0,0.4297752808988764,3.194255137520218e-05,-0.11798397425726789,-9.540914514129866e-09,0.14866240046546572,-2.3966377077339356,-1.33942619305365,0.8829034458363115,2.1322011300499017,61.0,0.4438202247191011,0.0,0.6894346188595801,-0.02687239138494913,0.15387129092718138,0.6772184090390576,1.4180678437477103e-10,0.002243382423102554,1.6034821301155206e-06,1.3132742295138555e-05,2.1769983253755836,1.299795277453469e-05,1.7481521686829457e-10,4.0,8.311258485398564e-06,0.030506415086410492,1.0,2.3411995733517082e-08,190.12454441068647,0.0005016186041757,4.143366652051492e-05,3.920477309476712e-05,-0.0004263567971065,0.00014706965349528954,2.1629482979224528e-08,0.6380067363005245,355.0000071664507,0.01544943820224719,3.723533942922223e-05,177.5,5038.580880304277,1.0000000000000002,0.0028089887640449437,2.000138657239866,8.402967359871002e-05,0.0,0.6286558741412857,8.821231646531183e-05,2.069918910046902,0.20224719101123595,0.12741485739507977,0.47191011235955055,9.208954372582264,-1.295453809569382,9.20527663032648e-05,0.00013469378503754348,6.236434530078833e-07,4.346968974762906e-05,8.322161117980218e-05,8.10506700271897e-08,0.2191011235955056,52.43275793273301,1.0283114200470422,95.0,15.0,1.0340573864955451,0.0009279754012822001,95.0,0.46067415730337075,0.00015279473714941154,-0.028292206133662724,8.105067002719301e-08,0.23191658554473446,-0.15538130922895482,-3.1095439246057666,0.9118686104893297,1.7271466368407684,60.0,0.47191011235955055,0.0056179775280898875,0.11953900655296772,-0.004795303944934485,0.15277566730012884,0.24184902840895361,3.929279856522088e-08,0.04781629368832794,1.442679460914927e-06,0.00015690601215592864,2.1927173068643735,0.00015689631574592817,2.4773726058704753e-08,115.0,0.30090515639982485,10.28252813473432,1.0,0.000847620158872746,176.2311629697431,0.0377066880464553,0.028963227360726148,0.029046418131739797,0.0203304110715786,0.0025240174764012174,6.370664221178771e-06,0.6806232870749853,355.00161230535457,0.01544943820224719,0.02867236391951635,177.5,551.2430843672792,1.0000000000000002,0.0028089887640449437,1.9753817256919257,0.029887363407760784,0.0,0.6685528048028287,0.0015623373910784236,1.8863475814170467,0.19382022471910113,0.9021907219486187,0.42134831460674155,6.37915721000971,-0.09886006860172095,0.001630985371893753,0.0020698035614994345,1.4325650816098967e-06,0.0007441841686765503,0.0014692830542723002,-1.8486838003033135e-06,0.0,23.500324361730023,1.008490196343348,92.0,14.0,1.0330444142297404,0.0173762769748767,92.0,0.449438202247191,0.029072997839409243,0.28578829756066093,-1.8486838003032159e-06,0.09206274483023216,-8.145654854599602,-995.8751928444003,0.8895232948487101,3.555379532623884,61.0,0.42134831460674155,0.0,1.3950282260326508,-0.04188131310274664,0.14517316116694248,0.7422911376831044,1.0808764894220374e-05,0.7347802643322993,0.0017340801211445558,0.006701748176554062,2.139520695176751,0.006447867077543704,4.76612116586176e-05,0.0
35,Magdalena Jovita Hatuopar,"Pilangkenceng, Madiun",1.7971302471471512e-07,0.00782012351108563,1.0,4.93717100864602e-10,158.43852508999282,4.011486045762356e-05,2.146180670744345e-05,2.161940539721305e-05,2.8773593411128447e-06,5.63518448016809e-06,3.1755304125527306e-11,0.5965401557428818,364.00000000878134,0.01506849315068493,2.085601373168795e-05,182.5,120347.52237603943,1.0000000000000002,0.0027397260273972603,1.9765409104521459,2.3357984955193734e-05,0.0,0.6053683688378793,5.253375472948894e-06,1.4120016105462394,0.18904109589041096,0.7428961469772339,0.4602739726027397,19.829762333643465,-2.764661124871561,4.0426418529701965e-06,4.651336497461685e-06,-1.5236925514091902e-08,2.564315417272309e-06,3.2405500158552343e-06,-2.270487478776045e-08,0.10684931506849316,42.79976613472288,0.9108980278757811,108.0,19.0,1.0375169582607127,3.723750111651071e-05,109.0,0.463013698630137,2.2189286858148282e-05,0.28028267409547164,-2.2704874787761426e-08,0.15654357555421217,-2.7078128767651926,-0.8300574590503365,0.8579145549321664,1.9196067972168875,59.0,0.4602739726027397,0.0,0.6112054134916077,-0.024201440685951793,0.16517917830603102,0.5034632307217611,5.025067691057376e-11,0.0016930864850760534,1.358785222328462e-06,7.428471593543283e-06,2.1722727713857655,7.277183246789009e-06,5.661621622163415e-11,0.0,5.262835896936033e-06,0.030442802129123113,1.0,1.4458340376197892e-08,150.77683698112617,0.0004667199104287,7.844368365589071e-05,7.821585074423586e-05,-0.0002343877980531,9.091378871904305e-05,8.2653169792508e-09,0.6151144405170684,364.0000028808639,0.01506849315068493,5.6958655251452604e-05,182.5,50553.96244123274,1.0000000000000002,0.008219178082191782,2.0098735753456847,8.111067076371e-05,0.0,0.6305073181122024,3.669365059614027e-05,4.082718338388142,0.19726027397260273,0.36665625622161574,0.4684931506849315,4.715636050870966,-1.5121888594332584,5.225742382958539e-05,8.063013025542932e-05,-6.65772490230316e-07,6.118941055873389e-06,5.465343415800606e-05,-3.254755880784078e-08,0.21643835616438356,54.45232371766813,0.8814828998888641,104.0,16.0,1.0360593940223497,0.0007011077084818,104.0,0.4520547945205479,0.00012007800999665281,1.0098309670681431,-3.254755880783711e-08,0.22208878665400514,-0.5483582610351201,-3.2606735306186625,0.9243954166753542,1.7843160473628183,59.0,0.4684931506849315,0.0,0.09603995792007873,-0.007102561618392614,0.1528322616484205,0.4112314701638573,1.6142991073612654e-08,0.029349367412976272,3.682765026898093e-06,9.065800971118787e-05,2.195066729340488,9.054443157318189e-05,8.207288688606917e-09,84.0,0.32836311920707617,10.813141504673533,40.0,0.0009020964813381214,162.47457494204343,0.0418193240224824,0.02969872521862424,0.028989598815056864,0.0205051755314505,0.004196510993388212,1.7610704517628117e-05,0.707043359864829,364.00206896011116,0.01506849315068493,0.029347895065514,182.5,87.56617357608707,1.0000000000000002,0.0027397260273972603,1.899076574645009,0.027965127503311663,0.0,0.7701254645791235,0.0050813763493401005,0.34888081880526345,0.1780821917808219,0.9015366874949491,0.43561643835616437,44.00477652460661,-0.06743556638834046,0.003285567141583734,0.0025042732148974514,-1.3645961976336541e-05,0.0025442249606457655,0.0018765337505350504,-2.532594298454774e-05,0.0,29.996409435445837,1.1000021789043368,113.0,14.0,1.0389670124804185,0.021314148491031904,113.0,0.4438356164383562,0.029993749084250468,0.7702419374019644,-2.5325942984549226e-05,0.09227897874259208,-6.732949028806898,-1154.9015137652248,0.585422083426093,3.5870378461164516,59.0,0.43561643835616437,0.0,1.4116227581416798,-0.04096624395333821,0.147333249417702,0.3412085237246433,1.733941290984235e-05,0.9115554502226724,0.0016784278531070092,0.00639305607018074,2.1287362192429535,0.006146678808522649,4.4614730036401865e-05,0.0
36,Mohammad Aziz Huzaini,"Tanah Merah, Bangkalan",2.182459143881557e-07,0.008847446685341258,2.0,5.979340120223444e-10,172.24691426626524,3.2012823794502765e-05,2.423931008019458e-05,2.454921505467137e-05,1.6389700249419548e-05,2.959080832306184e-06,8.756159372121858e-12,0.78860230450379,365.00000000167734,0.015027322404371584,2.4071287236393057e-05,182.5,158853.65927970616,1.0000000000000002,0.00273224043715847,1.9429451738791854,2.4982418199215318e-05,0.0,0.6294015662309372,3.430457924868556e-06,0.3763970109737107,0.16939890710382513,0.8635135342388062,0.41530054644808745,32.64283679617414,-3.108301856690831,2.276198877829247e-06,1.7796877773335066e-06,-1.7379193391938544e-08,1.720540145801915e-06,5.837797442205475e-07,-1.7379193391940195e-08,0.0,26.404864318134162,1.0328464867833835,59.0,14.0,1.0209810373074868,1.5623123545083217e-05,59.0,0.4453551912568306,2.4419261097255678e-05,-0.2633659948816208,-1.1707972077620002e-08,0.09901474160821497,-6.026698406534507,-0.9640482971305435,0.8294936932052515,3.3339468966803656,55.0,0.41530054644808745,0.0,1.272249043035932,-0.03896164834645828,0.14216981029073084,0.5074362343763372,1.2909188355709969e-11,0.0006495860387267299,1.4221808345982681e-06,6.623593242758713e-06,2.1556688121075744,6.451841220188364e-06,4.74063988131267e-11,0.0,7.057043925863743e-06,0.0505600692837775,21.0,1.9334366920174636e-08,192.78246988179177,0.0001686773830442,0.00013852381324637773,0.000138123952756,0.0001065830741329,9.627769457726974e-06,9.269394473114034e-11,0.754575868457829,365.0000000118573,0.015027322404371584,0.0001386314233029,182.5,36685.91485677268,0.9984744065485794,0.00273224043715847,1.869414671494458,0.000134525513142985,0.0,0.6481423933441554,1.3574837130075006e-05,0.5870811643661495,0.13387978142076504,0.938888041149666,0.3743169398907104,40.633955040014996,-2.8695143830306717,7.6215935733549164e-06,3.2229997176073976e-06,7.20985551980822e-08,6.669612902299998e-06,7.249579240002288e-08,7.249579239999577e-08,0.0,13.232015191153602,0.7805937326287072,30.0,7.0,1.0110547230240245,6.20943089113e-05,30.0,0.43989071038251365,0.00013885798781866485,0.007792865359823072,6.316970282663639e-08,0.06145188966451483,-11.884087856294348,-5.22587549914628,0.7215687584809723,5.974040321508911,57.0,0.3743169398907104,0.0,2.023744787844624,-0.048654718013716285,0.12219944900531597,0.4373644390385656,8.363303007567084e-11,0.0011763948969267,8.036674121187356e-06,3.066991917049013e-05,2.0834798057717876,2.9519122144195925e-05,1.0451077453527955e-09,0.0,0.29045055800319647,10.282226686768468,3.0,0.000795754953433415,182.2710604396784,0.0287840394303202,0.028169943039881264,0.02818875682029595,0.027365606278181,0.0001872663915932886,3.5068701420370906e-08,0.9908741585631916,365.00000394212947,0.015027322404371584,0.028162558507906894,182.5,3756.529690771354,1.0000000000000002,0.00819672131147541,1.839825079843641,0.02814574451185756,0.0,0.7346318040863326,0.00014741641269214872,2.640026542671788,0.1448087431693989,0.9823275407553814,0.0,11.635762053222708,-1.4272502286846713,0.00012751016852489456,6.746850040800706e-05,3.436273092175322e-07,7.193396172820027e-05,7.1933961730275e-07,-7.193396172992805e-07,0.0,-0.5279914999133419,0.8492638790608417,27.0,9.0,1.0098096962302503,0.0014184331521392007,27.0,0.40710382513661203,0.028170565481927676,-0.365008526533723,-2.91736699772249e-07,0.007973491152211973,-119.16276265464835,-963.0504385980445,0.8107523982944395,58.08546816980397,59.0,0.0,0.0,7.170568030806715,-0.06245478418680878,0.04729972573315359,0.8877376438059557,5.075082178985394e-08,0.024626002648922576,0.0016368685753217062,0.005975075343784544,1.9696384545620695,0.005735819985050335,4.1194937903189716e-05,0.0
37,Kurnia Maulinda Sari,"Labang, Bangkalan",1.7215292667128895e-07,0.006259693147030683,1.0,6.80446350479403e-10,123.41268944218552,4.5239874452818185e-05,2.4696273453341705e-05,2.636360439154311e-05,4.337229711381951e-06,8.237809499951438e-06,6.786150535749018e-11,0.8655109440789222,253.0000000109759,0.021653543307086614,2.3175051865109708e-05,126.5,226795.9318017621,1.0,0.007874015748031496,1.946894838569448,2.6833684319171877e-05,0.0,0.6916455921793628,8.094490340226909e-06,0.1279821318649641,0.20866141732283464,0.6821039149260217,0.452755905511811,12.32834542290647,-2.7295943347210128,6.254259714134576e-06,6.6697397125849075e-06,3.177104409684691e-08,4.254286750438041e-06,5.0019116315525025e-06,-5.025932254716783e-09,0.09055118110236221,38.26877411253006,1.2373067640727946,63.0,11.0,1.033793380402222,4.0902644741436234e-05,63.0,0.45275590551181105,2.6033966809530203e-05,-0.08264491434560266,-5.199437290593196e-09,0.14899043553962837,-2.3098460521900535,-0.5380401113131932,0.883332404663794,2.169173793717659,42.0,0.452755905511811,0.0,0.716022132600897,-0.037291321762986065,0.1575266295460303,0.6449647083884563,1.2328206714985736e-10,0.0016874441472839816,1.7740172818165522e-06,1.1656822889809275e-05,2.166184893545885,1.1482341787899658e-05,1.3834388157112773e-10,0.0,8.400255862840527e-06,0.029238079458802302,1.0,3.3202592343243186e-08,135.02917254465095,0.000469113670988,7.15979091414489e-05,6.725241864611066e-05,-0.0003405458701308,0.00016716941371651374,2.7945612882322934e-08,0.6713688107245258,253.0000059959333,0.021653543307086614,7.729336721240039e-05,126.5,2467.0628131099916,1.0,0.003937007874015748,1.983984616079439,2.380092337266e-05,0.0,0.6241279848216446,0.0001789943657967413,0.07548153579397221,0.22440944881889763,0.20491799409773725,0.484251968503937,9.621884622822138,-1.3606363811312405,0.00012480703294793293,0.0001637795906558307,-2.0812119178637343e-06,9.499224661568934e-05,0.00012380469979687484,-8.305050869239494e-09,0.2125984251968504,58.22128705131032,1.0860762829486001,70.0,13.0,1.0373237989034698,0.0008096595411188001,70.0,0.4645669291338583,0.0001818567388791246,-0.13343588531033698,3.8615275255922246e-07,0.22653320880615047,-0.27186305743237854,-2.047445739831381,0.9061549436220879,1.8409641983165228,43.0,0.484251968503937,0.0,0.13803646777710246,-0.008663611865171185,0.1514863193378584,0.23528054869282244,4.8891870418725474e-08,0.041436236435925165,7.023186490746348e-06,0.00016763250031242823,2.1939744130063175,0.00016744790895083825,2.8151508096328694e-08,89.0,0.20850677733990508,7.2204653547484945,1.0,0.000824137459841522,126.85338667659265,0.0343424752354621,0.028547278990897405,0.02866017749571265,0.0224728677421808,0.002438377819108951,5.945686388722524e-06,0.6538155879021547,253.00114339815434,0.021653543307086614,0.0283867865800857,126.5,213.4706606276934,1.0,0.003937007874015748,1.9809006881750018,0.029001151863485515,0.0,0.6816915268492796,0.002646253383986774,0.004761782632848988,0.2204724409448819,0.8571081434720408,0.42913385826771655,13.20823920848305,-0.20792255618510416,0.0018015843407253908,0.0022984149578667923,2.3666938597505524e-05,0.0012473531436079325,0.001806425862014266,-3.5632255336974505e-06,0.0,19.918942140777137,1.1127255968794751,76.0,13.0,1.040069814880644,0.011869607493281299,75.0,0.43700787401574803,0.028651227271669442,-0.04996824334659465,5.582279455635034e-07,0.08529165032146055,-9.192227089688114,-486.93660311960207,0.8883330297345647,4.0357465074167544,42.0,0.42913385826771655,0.0,1.53948340077533,-0.06080802444527477,0.14288244138055123,0.7215287077166586,1.024067618275367e-05,0.5814989843402985,0.0024084478326554036,0.007736972865065892,2.119571239831072,0.007319166464059319,6.340190178134605e-05,0.0
38,Deo Candra Saputra,"Widodaren, Ngawi",2.1833415963888886e-07,0.00864555,2.0,5.981757798325722e-10,196.8265666155373,4.11e-05,2.3684562841530055e-05,2.33e-05,1.01e-05,5.96514063405036e-06,3.558290278399873e-11,0.837416146252998,365.0000000076083,0.015027322404371584,2.365e-05,182.5,62500.000000000015,0.8707323149929856,0.00273224043715847,1.970144937954847,2.405e-05,0.0,0.6761474537517924,7.499999999999999e-06,-0.10454294639720496,0.1994535519125683,0.7734863375980066,0.4453551912568306,21.6835998899846,-2.6714942345116115,4.688207321807161e-06,4.792328767123287e-06,2.136986301369864e-08,3.700000000000002e-06,3.6999999999999985e-06,9.999999999999904e-08,0.08743169398907104,38.820850043607145,1.1770567026062777,79.0,14.0,1.029397315599313,3.1e-05,82.0,0.4234972677595628,2.4424197423423863e-05,0.256990860619708,1.5385386536911007e-08,0.13877830374150998,-2.8023367890150768,-1.08046261544366,0.8787798703202291,2.3703353825362354,60.0,0.4453551912568306,0.0,0.8222231234163925,-0.028700686837090972,0.1529908715722653,0.6442665025172425,6.049198694889004e-11,0.0017491999999999998,1.4268606195854186e-06,9.012510029920393e-06,2.18183439914928,8.871674747891589e-06,8.184281512649312e-11,0.0,2.6907886551653194e-06,0.020503577999999998,1.0,7.372023712781697e-09,206.4416985700309,0.000272,2.202525819672131e-05,1.7e-05,-0.000208,8.286597355282627e-05,6.866769572857704e-09,0.7923227923992001,365.00000167442136,0.015027322404371584,2.4449375000000002e-05,182.5,4347.826086956522,0.9798652554083812,0.00273224043715847,1.9685631753604294,7.999999999999991e-06,0.0,0.6779314775160595,0.000108725,0.11442254709270294,0.20765027322404372,0.13595183848035958,0.4672131147540984,10.61384541042287,-1.5185099533041568,6.469819092836455e-05,7.189494794520549e-05,4.657534246575307e-08,5.3225e-05,5.465e-05,5.600000000000001e-06,0.1885245901639344,40.73403343755677,1.256975739690778,91.0,15.0,1.031872660776907,0.00047999999999999996,91.0,0.4453551912568306,8.574311384297833e-05,0.30741756749781135,1.391643044428304e-07,0.21022996564398183,-0.1382522343423947,-3.8838733182873852,0.894136352582694,1.8532309764638057,61.0,0.4672131147540984,0.00546448087431694,0.3098698794737319,-0.010262631662258038,0.14852969242674907,0.22665676448552885,1.1878885268698968e-08,0.026241656000000002,3.6631802414111787e-06,0.00010384262778110748,2.187777492174676,0.00010375340971837332,1.0933931249909648e-08,124.0,0.32323280320958253,10.784440079000001,4.0,0.0008855693238618699,186.4409481586375,0.037933614,0.0295530494795082,0.029181115,0.021309028,0.0031252203133615808,9.767002007047858e-06,0.9784441623108335,365.0012456815681,0.015027322404371584,0.029604526250000002,182.5,89.36262997794522,0.9852410180612222,0.00273224043715847,1.9009512376931204,0.0271276331,0.0,0.7868748636785436,0.0048316478749999975,-0.4714903752329249,0.1912568306010929,0.9042641277689786,0.3989071038251366,31.586066103603418,-0.07169455865664909,0.0025725562375033596,0.0020441825835616437,1.8364632876712322e-05,0.0023451245000000003,0.0017136359999999976,5.4568000000001365e-05,0.0,14.186328675383285,1.15428532964354,97.0,16.0,1.0340002294205652,0.016624585999999997,98.0,0.40437158469945356,0.029717835310555638,0.3262536208975207,5.060849729876281e-06,0.07939046148978196,-7.694134284075412,-1187.037097779319,0.7512796361372586,4.513453367256851,55.0,0.3989071038251366,0.0,1.6595144515908564,-0.044025681147877666,0.1341679880511508,0.5062337025138273,1.355599574277319e-05,0.746126643,0.00180492899871551,0.007579122141992717,2.1390693455706655,0.00733659698425496,6.158603311567585e-05,0.0
39,Rifqi Fairurrafi,"Bangkalan, Bangkalan",3.10253547418627e-07,0.00993884127694855,5.0,8.642160095226378e-10,194.64048535871638,5.502832573256456e-05,2.7646020296856477e-05,2.6906287194790257e-05,3.7077027172927046e-06,9.874865631591439e-06,9.751297124198578e-11,1.0780320595714183,359.00000000771587,0.015277777777777779,2.7851892304574398e-05,180.0,36567.582797171766,1.0,0.002777777777777778,1.7650208871523243,2.1669920772637856e-05,0.0,0.8838948643738467,1.2449982149418145e-05,-0.06564378920151848,0.16666666666666666,0.7189383534229945,0.4166666666666667,46.13187970351045,-2.7096131267001047,7.914490573264438e-06,3.760823175960209e-06,2.7511664978351682e-08,6.194146022059453e-06,1.666416260882721e-06,-2.6757110886551055e-07,0.04166666666666667,9.347653241565693,1.1690853929436362,40.0,12.0,1.014858412203945,5.1320623015271856e-05,41.0,0.20277777777777778,2.9356692754739693e-05,0.33476181345781636,2.0415681758858766e-08,0.11108893794126068,-2.4625355006096044,-1.6431733678003217,0.7230755756976185,3.3026299617184276,54.0,0.4166666666666667,0.0,1.2073655729708939,-0.03643347629735619,0.13822397068612471,0.5902619767767463,1.5475387411800596e-10,0.0013501355201697152,1.3096461294355654e-06,1.7304698785297786e-05,2.1031059318950613,1.724929947261702e-05,3.3554979047236003e-10,0.0,1.5492408303394865e-05,0.05373212454780062,3.0,4.27967080204278e-08,192.91794410712507,0.0005967892357148,8.07515043254486e-05,6.826304888812499e-05,-0.0004268730117473,0.00019015258426414023,3.615800530233095e-08,1.042738795299327,362.0000043177675,0.015151515151515152,7.964451651784851e-05,181.0,1920.1079453130474,1.0,0.0027548209366391185,1.8799396709771103,3.377499961064505e-05,0.0,0.8215450651294968,0.00024275434634537862,0.04717061400463196,0.18181818181818182,0.22968691578375786,0.4380165289256198,30.592550227999002,-1.259331510705646,0.00014890983438392664,0.0001014645982695155,2.125743575564354e-07,0.00012009028952362924,5.802266969110672e-05,-8.736766176399986e-07,0.12121212121212122,11.198151296088819,1.1018380741039837,47.0,14.0,1.0170053953843943,0.0010236622474621001,47.0,0.32506887052341604,0.0002065885058592416,0.17183358214988784,8.226785240323288e-08,0.16191018490767983,-0.2763801924724638,-17.16424456150211,0.8185409446039329,2.3318526254775307,63.0,0.4380165289256198,0.0,0.7368823401779755,-0.02292505525339607,0.14131081237270557,0.20773477527149575,7.146588386299702e-08,0.03673018457356461,2.0078644622305445e-06,0.0003435325863778959,2.1406278309889,0.00034352648527359646,1.2916752301817362e-07,72.0,0.29961377329324024,10.350760833360237,2.0,0.0008253822955736645,181.77777933823887,0.038156934082508,0.028525540203490542,0.028528725076466765,0.0198961831629276,0.003067298142284304,9.408317893660743e-06,1.1412437685447687,363.00132960654224,0.015109890109890112,0.0284671382978558,181.5,143.11113069871922,1.0,0.005494505494505495,1.9125012703037236,0.028113521076738777,0.0,0.8064112313493759,0.0036011351427684343,0.6102082775480384,0.18406593406593408,0.897735405984255,0.4010989010989011,20.7447042224372,-0.024092923651863357,0.00234330298297864,0.001807918120432163,2.5873044223496428e-05,0.0018022864125669148,0.0010254558175802203,-0.00017481460236012936,0.0,10.079099171653846,1.2246251476654908,56.0,14.0,1.019905225081652,0.018260750919580397,55.0,0.3461538461538462,0.02868997667818181,0.03991604911487304,2.117240931480301e-07,0.0820375998288909,-7.1665419356351885,-1152.5290878287224,0.8238636272461718,4.479037866592576,56.0,0.4010989010989011,0.0,1.6206397251130154,-0.043576845090722516,0.13188659656652,0.7862002495689686,1.6339046127238734e-05,0.6562742777168752,0.001718880720582831,0.008169500782443892,2.123323596347262,0.007965175415035853,7.259987048234292e-05,0.0
40,Fathan Ruhul Alam,"Warudoyong, Kota Sukabumi",5.329787318868827e-07,0.012644462728261332,29.0,1.4602157037996788e-09,213.86922103303064,6.888131611049175e-05,3.465482345398836e-05,3.652301352283189e-05,2.622826263642877e-06,1.5977147892527072e-05,2.5526925477968223e-10,1.2564991087318345,365.00000000575324,0.015027322404371584,3.424366059334716e-05,182.5,32739.118615472024,0.9813569300447754,0.00546448087431694,1.5590694228654598,3.906499567940976e-05,0.0,0.9725633699849857,1.6685669455303774e-05,-0.35787929927250905,0.1284153005464481,0.7917761620960774,0.3743169398907104,61.50525215036905,-2.906206503044615,1.2338384866194958e-05,2.5409481584590716e-06,1.0052092264929459e-07,8.101763686497794e-06,9.382256885638086e-07,2.499756293319655e-08,0.01912568306010929,9.198422143279297,0.8155575382020337,21.0,11.0,1.0085587386261228,6.625848984684888e-05,22.0,0.11475409836065574,3.816052991517261e-05,-0.3125579516935767,7.758348885574036e-08,0.08358256160229087,-2.495765503228651,-2.471395272513525,0.4943867594871777,4.717588699294471,57.0,0.3743169398907104,0.0,1.6231827445501268,-0.042943912423192634,0.12269895929628112,0.3296304465907227,2.1297411512929848e-10,0.0009274460778375611,1.5426064110140719e-06,1.7851400400990503e-05,2.050830008395393,1.77797164165005e-05,3.710672458243712e-10,0.0,1.2391128939004958e-05,0.049975254541417824,5.0,3.394829846302728e-08,162.16026347760956,0.0004879311183887,2.2579333861366763e-05,2.307273734913906e-05,-0.0004397374856732,0.00018260809738774127,3.3345717231570806e-08,1.248793009284871,365.0000027733263,0.015027322404371584,1.5829929907350002e-05,182.5,2144.8556301267035,0.9911280921816754,0.00546448087431694,1.784548070704976,-2.2286613845345048e-05,0.0,0.8809487949641661,0.00024226631458634999,-0.300522805268423,0.1721311475409836,0.23721629580835304,0.4562841530054645,39.85952937566482,-1.389597944263426,0.000145819206476513,7.56866059509258e-05,-2.737573670120026e-07,0.00012037233059695258,3.5155972727807236e-05,4.8071933633764274e-06,0.09836065573770492,6.846476313944382,0.9754594724233553,38.0,12.0,1.013878622778532,0.0009276686040619,37.0,0.2459016393442623,0.00018399875964036788,-0.011570244832499901,8.741859223940804e-08,0.1562580872241139,-0.025967255654212217,-15.940651301988002,0.7581429337244889,2.4386460312365226,55.0,0.4562841530054645,0.00546448087431694,0.8575111135998315,-0.024190040006562386,0.14697288557440577,0.12389315556282698,6.648523801931623e-08,0.027625611172087915,6.465527724748047e-07,0.0003423713674216139,2.0880156565823795,0.00034237052858152186,1.3693869442699064e-07,66.0,0.29330080088463273,10.24481995357198,5.0,0.0008035638380400897,190.38230398134172,0.037859309464693,0.028070169291077265,0.0279939056684573,0.019468592479825,0.003665229105829687,1.3433904398221086e-05,1.0868815902387874,365.0010204734863,0.015027322404371584,0.027764181420206903,182.5,95.95289635334413,0.9993583051330969,0.00273224043715847,1.8715455797246188,0.0277444151230156,0.0,0.8024069041305468,0.005192149853841827,-0.2798007263098148,0.1721311475409836,0.8959520722600417,0.3770491803278688,63.574697303899285,-0.05445970358464704,0.002936969923584854,0.0016830490264174054,3.0010428330669587e-05,0.0026072319597005515,0.0011772895231842995,3.483767310800273e-06,0.0,4.5267275956456485,1.1043070113830278,57.0,15.0,1.0206389047348732,0.018390716984868,58.0,0.2814207650273224,0.02830844941758482,0.13884260870606926,9.52466330405525e-06,0.0738155065867298,-6.914684562577901,-1218.143369774696,0.6671732030424644,5.26965436451317,59.0,0.3770491803278688,0.0,1.8069195137574592,-0.04546429465752544,0.12468059757151576,0.39798755936110597,1.637939749019162e-05,0.614312894642353,0.001803231771237375,0.00833734097891178,2.132056272453738,0.008114372343289386,7.485103515774694e-05,0.0
41,Laila Maghfiroh,"Kamal, Bangkalan",7.363589324494517e-07,0.01505902219167865,11.0,2.0174217327382237e-09,166.0395621024865,8.567769327783026e-05,4.117464926125003e-05,4.101280819668318e-05,-6.81973688188009e-07,1.7792074351077688e-05,3.165579097142765e-10,1.028646184239953,365.00000002415675,0.015027322404371584,4.093075271157431e-05,182.5,16712.021368301095,0.9993583051330969,0.00273224043715847,1.7890512543145727,3.817987644652021e-05,0.0,0.8553736639716752,2.9262426819927484e-05,-0.725902718710568,0.15300546448087432,0.7123329890242857,0.4262295081967213,60.33667076409675,-2.4827614132308917,1.4952908295731071e-05,7.519016396008115e-06,1.8144455430981395e-08,1.4798014944972236e-05,4.730113687401172e-06,3.434856807871256e-07,0.04918032786885246,21.487113858831304,1.1152265141685604,58.0,17.0,1.0209810373074868,8.635966696601827e-05,59.0,0.1994535519125683,4.485431586259269e-05,0.1306029354054684,-3.233197612628268e-08,0.11906961348443279,-2.0136520863468466,-2.7108717515299876,0.6618586295443175,2.9473029140692955,56.0,0.4262295081967213,0.0,1.0965915134125084,-0.03378650162023333,0.144113460946732,0.28263308611032334,4.3474354592161953e-10,0.002744440984542962,1.433485443222511e-06,2.349719416181886e-05,2.1310370572888937,2.3443512950164643e-05,6.029032543764983e-10,2.0,1.298858587057292e-05,0.046873866724799915,2.0,3.558516676869293e-08,209.62040109374647,0.0005254685820546,4.216372798359378e-05,3.402319548099926e-05,-0.0004605851136147,0.00018360326679994014,3.371015957961e-08,0.8211975915714909,365.0000071172887,0.015027322404371584,3.94377439079e-05,182.5,1908.2986836751977,0.9993583051330969,0.00273224043715847,1.9441530352680916,-1.6860950563514943e-05,0.0,0.7164657561467009,0.00025190865835607735,-0.08345080317613984,0.19672131147540983,0.17586487300792186,0.453551912568306,16.221574551385963,-1.2172787922751493,0.00014673646045677163,0.0001342469636941264,5.07458055723835e-07,0.00012572769560390776,7.401862967529999e-05,-1.5533986697899996e-05,0.1830601092896175,34.750006942341564,1.2699100539675645,69.0,20.0,1.0247162362808873,0.0009860536956693001,70.0,0.3879781420765027,0.00018838242894995402,0.08814715145121552,3.9919416406109287e-07,0.20112669652912787,-0.11204440503510484,-10.03270880746215,0.8639178835707424,1.916027238107096,60.0,0.453551912568306,0.00273224043715847,0.35913234230822233,-0.01261172437391718,0.14551500859191058,0.24630819853442465,5.709912978001748e-08,0.04900014174835614,7.582746344744516e-06,0.00023366691554440428,2.1841202560397264,0.00023349252726810946,5.563041529975689e-08,106.0,0.3081065855315507,10.537446459289619,2.0,0.0008441276315932896,182.59946814353057,0.0365699362009763,0.028877290432682313,0.0287365856476955,0.0210137199610471,0.0028148479906812567,7.92336921064231e-06,0.8380363436517386,365.00129666351097,0.015027322404371584,0.02881676342803975,182.5,123.66717305701785,0.9993583051330969,0.00273224043715847,1.8950282701941241,0.028014017269015243,0.0,0.7419841711018944,0.0038726573693566475,-0.24031830147911748,0.1885245901639344,0.9074503164172479,0.40710382513661203,21.37823241185038,-0.07728797988293884,0.0022833925114539807,0.0018329948186874383,2.2423002001357252e-05,0.0019393038108117492,0.0011588651686906017,-0.00013987937321269933,0.0,16.581410758844893,1.3013359979671004,62.0,15.0,1.0221751011622833,0.015556216239929203,62.0,0.3524590163934426,0.02901415640586725,0.15017834452716783,1.0985423076345619e-07,0.08280859577504092,-7.664218598878262,-1140.8701880703509,0.8470204683163706,4.384436480338825,58.0,0.40710382513661203,0.0,1.5990112285431948,-0.043143633804701556,0.1345237086043847,0.7532211900864332,1.3602383815627595e-05,0.669043108820915,0.001635571495510618,0.0069587896391396275,2.1438353299284283,0.006737348925112446,5.0711757840004946e-05,0.0
42,Dewi Geizya,"Banyuajuh kamal, Bangkalan",8.121672659845535e-07,0.015738569008533432,16.0,2.2251157972179548e-09,166.1261421880377,8.567769327783026e-05,4.303487233973787e-05,4.17023538830108e-05,-6.81973688188009e-07,1.9158183853431948e-05,3.6703600856190056e-10,1.0032156044450269,365.0000000248157,0.015027322404371584,4.3441417801659554e-05,182.5,13820.54547445588,0.9993583051330969,0.00273224043715847,1.8039932480368253,2.954390974991839e-05,0.0,0.8340239153659866,3.215723427274497e-05,-1.0011239913928944,0.14207650273224043,0.7339929155751234,0.4262295081967213,108.06273402564277,-2.4719911299660207,1.644956263637851e-05,7.508459333471925e-06,2.5239413632446747e-08,1.5973803122258026e-05,4.319947947806213e-06,-1.0759057741697108e-07,0.04644808743169399,23.31917880707937,1.2321875326601262,58.0,16.0,1.0209810373074868,8.635966696601827e-05,59.0,0.17759562841530055,4.7106647576105816e-05,0.01619804289652991,-3.56778310269977e-08,0.11827949567181392,-2.0577894430610026,-2.7942882473141797,0.5898756521575023,2.9187817928788364,59.0,0.4262295081967213,0.0,1.0981296825397406,-0.0339903910111277,0.14512077115461774,0.1926398322271392,4.288036724043936e-10,0.0027405876567172527,1.3691263847734037e-06,2.3301372184669646e-05,2.1336126826135633,2.325203788565444e-05,5.912101754029942e-10,2.0,1.6954385356392793e-05,0.05195754604101868,1.0,4.645037083943231e-08,188.6312736929798,0.0006980637786,6.323833798030574e-05,4.048302998853614e-05,-0.0005179217550903,0.00020572887465640898,4.2324369867392434e-08,0.7449654073275133,365.0000105075868,0.015027322404371584,5.966574099146203e-05,182.5,1695.547847438544,0.9993583051330969,0.00273224043715847,1.958233271365067,2.9271735070334962e-05,0.0,0.691955937442701,0.0002529684176723896,0.4207272795329122,0.19398907103825136,0.15864781912420098,0.4781420765027322,19.242782307391636,-1.1338662206328864,0.00016156389427980213,0.00016519618715115806,4.895779978775925e-07,0.00012869764959759776,9.988991951102405e-05,-5.808815331000003e-07,0.1885245901639344,42.833400198506865,1.5414113940251057,74.0,17.0,1.026229611133446,0.0012159855336903,74.0,0.4016393442622951,0.00021522884857263862,0.29268278221384786,2.9398774198974324e-07,0.21349990361759427,-0.16736099350018047,-9.02230506976754,0.9015952713415581,1.8154074650791703,60.0,0.4781420765027322,0.00273224043715847,0.3142114541810668,-0.009418826281523261,0.1518185938449735,0.20109473039996428,8.118281053913461e-08,0.060296608310172695,3.7709816462372142e-06,0.0002480411720799919,2.1852502313447038,0.0002479984768080474,6.261970896937062e-08,107.0,0.31140094865145335,10.591013461817038,2.0,0.0008531532839765845,184.36869595585628,0.0373450219631195,0.029009677893405764,0.02903643995523445,0.0197389852255582,0.003043164897907139,9.260852595854166e-06,0.874396260596254,365.00183176142014,0.015027322404371584,0.029035150332169364,182.5,123.16997105284625,0.9993583051330969,0.00273224043715847,1.91699614183733,0.029422305431216916,0.0,0.7738470295907484,0.004114061344547983,-0.035760731363824405,0.19398907103825136,0.8954632410335371,0.4207650273224044,24.002281253325673,-0.005629447308633839,0.0024080259435949416,0.0021133321656347966,-6.005142445433696e-06,0.0020653558894991753,0.0012215681906257297,-0.0001984419715073335,0.0,23.236510743250108,1.32706359490402,64.0,14.0,1.0228550659105913,0.0176060367375613,64.0,0.43169398907103823,0.029168857778031163,-0.06966767624936067,2.4105141681221927e-06,0.09232741145814356,-6.8304599716142125,-1137.7187376727125,0.8733294113866985,3.6860131185797167,60.0,0.4207650273224044,0.0,1.4148637562828643,-0.04068730956967296,0.1418259895035062,0.8064241202647029,1.702062832765966e-05,0.7713662404567008,0.0017203985359927297,0.007743424926687693,2.111790911999179,0.0075319262514974405,6.69676231059183e-05,0.0
43,Fathul Aziz Saifuddin,"Dukun, Gresik",3.538827312191349e-07,0.010674711487186843,3.0,9.695417293674928e-10,203.13740994516974,5.755709298682632e-05,2.9227900683145904e-05,2.7843890620715683e-05,2.818551593009033e-06,1.0612376261005896e-05,1.1262252990516148e-10,0.9435468298568089,365.0000000114626,0.015027322404371584,2.9098034398581753e-05,182.5,31723.469935477682,0.9993583051330969,0.00273224043715847,1.9023381580726784,2.7450895220226813e-05,0.0,0.827024705242503,1.447652597145558e-05,-0.2722825578174928,0.17759562841530055,0.6815416622447028,0.42896174863387976,72.11182110789811,-2.551247769637046,8.505852469315001e-06,5.315316405928827e-06,-3.717708351945326e-08,6.951820428942788e-06,3.5272589897772377e-06,-4.1893486013578124e-07,0.06830601092896176,12.876901981820593,0.9866067341170461,55.0,16.0,1.0199533347767953,5.4738541393817286e-05,56.0,0.2896174863387978,3.109489842802196e-05,0.4557534022454287,2.703282829525446e-08,0.12258561761616146,-2.2875597716157223,-1.7304428821344242,0.7083322809491268,3.0393712686330376,60.0,0.42896174863387976,0.0,1.0652527776254128,-0.03287919902642886,0.14083023876610656,0.34155553592162813,1.5152519640960886e-10,0.001940090488164022,2.1785438663664303e-06,1.7157718359663304e-05,2.1469403361529604,1.699296492701081e-05,3.121896592096106e-10,0.0,7.61897817947096e-06,0.037853620364717885,2.0,2.0873912820468383e-08,200.5578654746083,0.0003898909781128,4.153139848096935e-05,4.553071112428456e-05,-0.0003100623689533,0.00013817388759093926,1.9092023211993517e-08,0.8202101449820733,365.0000029680165,0.015027322404371584,3.612912269089266e-05,182.5,3127.8891883651513,0.9993583051330969,0.00273224043715847,1.920718517799209,7.4911971933055e-05,0.0,0.7645754933675117,0.00017482633048371114,-0.09465472310226009,0.19398907103825136,0.24357246361206827,0.4562841530054645,27.823635721141905,-1.3633444165372213,0.00010791462520115437,9.251477270222064e-05,-4.393888409374427e-07,8.573564962449468e-05,7.67055482053e-05,1.0437087780701404e-05,0.15027322404371585,30.586006872166447,1.2255114422841624,71.0,15.0,1.025221627411301,0.0006999533470660999,71.0,0.37158469945355194,0.00014428056096293284,-0.04141267013112601,2.9420059644588896e-07,0.18175566265476242,-0.16079684406413905,-10.16553808126727,0.8300606904980445,2.1267281234822097,63.0,0.4562841530054645,0.00273224043715847,0.5420027483815482,-0.017610407145727574,0.14334664288315382,0.24285335330267577,3.217242618333582e-08,0.03376789203631053,3.1426111417698855e-06,0.00019567944583434666,2.168509303944049,0.00019564385636303784,3.993644964651255e-08,92.0,0.3135979841614394,10.614795721441972,3.0,0.0008591725593464093,183.02356522211505,0.0385938324034214,0.029080775671563478,0.0288302599090254,0.0203225445002317,0.0033367019161842544,1.1133579677467675e-05,0.888164652376767,365.0014519060876,0.015027322404371584,0.028920787852257452,182.5,99.39830246824027,0.9993583051330966,0.00273224043715847,1.8513738595918923,0.028544624056667064,0.0,0.8043949816025421,0.004887287431838274,-0.17794628052488592,0.18032786885245902,0.9122364308484984,0.42349726775956287,21.010216283157398,-0.09222497864417935,0.002713396975206256,0.0019000307467550506,1.8201732676323014e-05,0.00242455216357485,0.0011345079789559023,-0.00018871016800399779,0.0,16.81431718635885,1.2770520902838216,72.0,16.0,1.025726084160307,0.0182712879031897,73.0,0.412568306010929,0.02927157483527776,0.3085092405169427,7.250312749382081e-07,0.08163106440957478,-6.979763094213388,-1202.588752915435,0.7778813079398241,4.506906187048203,59.0,0.42349726775956287,0.0,1.6452964429242458,-0.04344749501252337,0.13441281049283782,0.540602661249904,1.7050933567460805e-05,0.6935112225655935,0.0017676104343413701,0.007695343279955972,2.1214236644855777,0.00746718949156615,6.40251770389116e-05,0.0
44,Moh Rafie Nazar J,"Kecamatan Bangkalan,Bangkalan",2.465829330911849e-07,0.009029888755689688,2.0,6.737238609048768e-10,182.40488435007293,4.559376975521445e-05,2.4665160836932702e-05,2.445092746604453e-05,4.477310540096369e-06,7.969814424071642e-06,6.35179419541404e-11,0.9169336744255286,366.00000001032157,0.014986376021798364,2.4553176685962478e-05,183.0,48036.35143423529,1.0,0.005449591280653951,1.9129708694803833,2.7091363108411315e-05,0.0,0.7840247624921365,1.0509707335635726e-05,-0.007252439124884269,0.1907356948228883,0.7310662565887326,0.444141689373297,26.654047867714013,-2.6060890391871374,6.330128676896234e-06,5.590592659301239e-06,-1.993467949976475e-08,5.229131441892066e-06,4.226853053020029e-06,-2.6003858916336656e-07,0.07901907356948229,28.10672945874191,1.594513866610449,83.0,14.0,1.02897672537056,4.1116459215118084e-05,83.0,0.42234332425068116,2.5920804406227422e-05,0.23814078523793655,-3.682344735373633e-10,0.13707791688697638,-2.1948296277998907,-1.3442193491124395,0.8656213048874551,2.505019379679214,59.0,0.444141689373297,0.0,0.8905625297185611,-0.02912217536246662,0.15089674551734208,0.6038722404458736,1.1584975764181542e-10,0.0020461569133042533,1.1938086512538147e-06,1.2010344486870304e-05,2.1652605361589243,1.193470581714383e-05,1.4890040065891698e-10,0.0,2.785333732364116e-06,0.021216895687397444,1.0,7.610201454546764e-09,208.34557899280082,0.000257623490206,3.597424329632317e-05,2.9298487502794287e-05,-0.0001690351531248,7.934304651359407e-05,6.295319030058353e-09,0.7770544365243901,366.0000015008459,0.014986376021798364,3.6544096065582445e-05,183.0,4653.630094092561,1.0,0.005449591280653951,1.9575767825044437,2.296123637406e-05,0.0,0.7158820026234994,9.160271175627432e-05,0.19567335708366151,0.2016348773841962,0.1961047680861329,0.4632152588555858,10.719714277706899,-1.5441585815157284,6.153752196883425e-05,6.731991347990387e-05,-4.0901812673583316e-07,4.7155044049875596e-05,5.011356933897837e-05,3.914834795752651e-06,0.18256130790190736,36.13624116541985,1.214891059104787,101.0,14.0,1.0348706116667346,0.0004266586433308,101.0,0.4196185286103542,8.711753675811435e-05,0.19390247881779082,1.3320332691533265e-07,0.20368363035703316,-0.2701743409487665,-4.400137643033802,0.8999846031055854,1.9259444249994493,61.0,0.4632152588555858,0.0,0.3573588112976585,-0.011840564641100264,0.14817377389325861,0.25863850912267217,1.1489921559149947e-08,0.024639088333644817,1.95848090473143e-06,0.00010645294286315481,2.1835606102103142,0.0001064302980080411,1.1623363970877136e-08,117.0,0.2995261891694458,10.417298970044941,2.0,0.0008183775660367371,182.48998966607274,0.0351127202694232,0.028467189478293027,0.0283084206464813,0.0225420724600553,0.0024014115889663006,5.7667776196216525e-06,1.0179169274679365,366.00081408644763,0.014986376021798364,0.0283309201546657,183.0,154.85347458210754,1.0,0.0027247956403269754,1.9135741471776302,0.026941799193334066,0.0,0.7520975610394262,0.003202453078903652,0.07104739412709371,0.1880108991825613,0.9153689999046101,0.3869209809264305,13.701610106314224,-0.12991003095329254,0.0019130690711499834,0.0015565741154115482,2.216798414515247e-05,0.0016080533779734008,0.0011692070876962515,4.5464202469480686e-05,0.0,10.822502267386737,1.27632211053065,80.0,17.0,1.027815944631726,0.0125706478093679,79.0,0.3460490463215259,0.02856829806643474,0.4098291742485468,-5.727592669391859e-07,0.07043322959766038,-9.192985650010673,-1123.1378935585406,0.8181483994175761,5.460886122768555,60.0,0.3869209809264305,0.0,1.8685391409127137,-0.04641389828498919,0.1254487208970341,0.683928597234042,9.931198910807152e-06,0.5697061262406267,0.0016629678568449878,0.006964545288086295,2.1334108663377016,0.0067411436944442545,5.237838605564765e-05,0.0
