id,nama,daerah,no2_abs_energy,no2_auc,no2_autocorr,no2_average_power,no2_calc_centroid,no2_calc_max,no2_calc_mean,no2_calc_median,no2_calc_min,no2_calc_std,no2_calc_var,no2_dfa,no2_distance,no2_ecdf,no2_ecdf_percentile,no2_ecdf_percentile_count,no2_ecdf_slope,no2_entropy,no2_fundamental_frequency,no2_higuchi_fractal_dimension,no2_hist_mode,no2_human_range_energy,no2_hurst_exponent,no2_interq_range,no2_kurtosis,no2_lempel_ziv,no2_lpcc,no2_max_frequency,no2_max_power_spectrum,no2_maximum_fractal_length,no2_mean_abs_deviation,no2_mean_abs_diff,no2_mean_diff,no2_median_abs_deviation,no2_median_abs_diff,no2_median_diff,no2_median_frequency,no2_mfcc,no2_mse,no2_negative_turning,no2_neighbourhood_peaks,no2_petrosian_fractal_dimension,no2_pk_pk_distance,no2_positive_turning,no2_power_bandwidth,no2_rms,no2_skewness,no2_slope,no2_spectral_centroid,no2_spectral_decrease,no2_spectral_distance,no2_spectral_entropy,no2_spectral_kurtosis,no2_spectral_positive_turning,no2_spectral_roll_off,no2_spectral_roll_on,no2_spectral_skewness,no2_spectral_slope,no2_spectral_spread,no2_spectral_variation,no2_spectrogram_mean_coeff,no2_sum_abs_diff,no2_wavelet_abs_mean,no2_wavelet_energy,no2_wavelet_entropy,no2_wavelet_std,no2_wavelet_var,no2_zero_cross,so2_abs_energy,so2_auc,so2_autocorr,so2_average_power,so2_calc_centroid,so2_calc_max,so2_calc_mean,so2_calc_median,so2_calc_min,so2_calc_std,so2_calc_var,so2_dfa,so2_distance,so2_ecdf,so2_ecdf_percentile,so2_ecdf_percentile_count,so2_ecdf_slope,so2_entropy,so2_fundamental_frequency,so2_higuchi_fractal_dimension,so2_hist_mode,so2_human_range_energy,so2_hurst_exponent,so2_interq_range,so2_kurtosis,so2_lempel_ziv,so2_lpcc,so2_max_frequency,so2_max_power_spectrum,so2_maximum_fractal_length,so2_mean_abs_deviation,so2_mean_abs_diff,so2_mean_diff,so2_median_abs_deviation,so2_median_abs_diff,so2_median_diff,so2_median_frequency,so2_mfcc,so2_mse,so2_negative_turning,so2_neighbourhood_peaks,so2_petrosian_fractal_dimension,so2_pk_pk_distance,so2_positive_turning,so2_power_bandwidth,so2_rms,so2_skewness,so2_slope,so2_spectral_centroid,so2_spectral_decrease,so2_spectral_distance,so2_spectral_entropy,so2_spectral_kurtosis,so2_spectral_positive_turning,so2_spectral_roll_off,so2_spectral_roll_on,so2_spectral_skewness,so2_spectral_slope,so2_spectral_spread,so2_spectral_variation,so2_spectrogram_mean_coeff,so2_sum_abs_diff,so2_wavelet_abs_mean,so2_wavelet_energy,so2_wavelet_entropy,so2_wavelet_std,so2_wavelet_var,so2_zero_cross,co_abs_energy,co_auc,co_autocorr,co_average_power,co_calc_centroid,co_calc_max,co_calc_mean,co_calc_median,co_calc_min,co_calc_std,co_calc_var,co_dfa,co_distance,co_ecdf,co_ecdf_percentile,co_ecdf_percentile_count,co_ecdf_slope,co_entropy,co_fundamental_frequency,co_higuchi_fractal_dimension,co_hist_mode,co_human_range_energy,co_hurst_exponent,co_interq_range,co_kurtosis,co_lempel_ziv,co_lpcc,co_max_frequency,co_max_power_spectrum,co_maximum_fractal_length,co_mean_abs_deviation,co_mean_abs_diff,co_mean_diff,co_median_abs_deviation,co_median_abs_diff,co_median_diff,co_median_frequency,co_mfcc,co_mse,co_negative_turning,co_neighbourhood_peaks,co_petrosian_fractal_dimension,co_pk_pk_distance,co_positive_turning,co_power_bandwidth,co_rms,co_skewness,co_slope,co_spectral_centroid,co_spectral_decrease,co_spectral_distance,co_spectral_entropy,co_spectral_kurtosis,co_spectral_positive_turning,co_spectral_roll_off,co_spectral_roll_on,co_spectral_skewness,co_spectral_slope,co_spectral_spread,co_spectral_variation,co_spectrogram_mean_coeff,co_sum_abs_diff,co_wavelet_abs_mean,co_wavelet_energy,co_wavelet_entropy,co_wavelet_std,co_wavelet_var,co_zero_cross
1,Muhammad Ali Murtadho,Baron Nganjuk,3.327523589749999e-07,0.010369545,17.0,9.116502985616436e-10,203.67139246492795,5.51e-05,2.8400396174863388e-05,2.8125e-05,5.12e-06,1.0128027836759296e-05,1.0257694786217116e-10,1.0111873717963482,365.0000000088079,0.015027322404371584,2.84e-05,182.5,34722.222222222226,0.9287342343531199,0.00273224043715847,1.8402217765335815,2.7611e-05,0.0,0.8030928883290134,1.4499999999999997e-05,-0.4153972696574031,0.1721311475409836,0.7482000167589987,0.4344262295081967,122.0040479667109,-2.695205876984811,8.224978948311384e-06,4.563671232876712e-06,1.2054794520547979e-08,7.108333333333333e-06,2.500000000000003e-06,3.9999999999999956e-07,0.040983606557377046,24.367022008749775,1.2835787834222159,67.0,16.0,1.0240409199302392,4.998e-05,68.0,0.3224043715846995,3.0152271071204005e-05,0.10277620455377064,2.8533078660091594e-08,0.12009617793696399,-2.5271552246904143,-1.5898224673574453,0.6218784399985978,2.717229248164933,61.0,0.4344262295081967,0.0,1.0546673709344292,-0.033521597326724696,0.15038401443157448,0.26412185458590776,1.212041089118446e-10,0.00166574,1.8356028364569003e-06,1.427502471396925e-05,2.123943337276369,1.4139952706780993e-05,2.2452865685211698e-10,0.0,8.979465984823255e-06,0.0385608673333325,2.0,2.4601276670748644e-08,182.9778638300839,0.000417635,7.236448274134618e-05,4.8616666666666665e-05,-0.000283754,0.00013891523208561582,1.9297441705400508e-08,0.8872548995897889,365.0000033396443,0.015027322404371584,7.40145e-05,182.5,2209.873123817718,0.9946242373471591,0.00273224043715847,1.9253324731598667,3.1871049999999983e-05,0.0,0.7473872987140817,0.0001788985,-0.14803487859144404,0.19398907103825136,0.25785782939492413,0.45081967213114754,30.600468752022017,-1.3718210684380836,0.00011057402534214954,9.070859452054793e-05,-1.3514027397260294e-06,8.5129e-05,5.1000000000000006e-05,-1.41e-06,0.1557377049180328,28.397766126407603,1.0014732015553434,73.0,19.0,1.025894029566716,0.000701389,73.0,0.4098360655737705,0.00015663352153298188,0.3899757743138833,2.8643843463064767e-08,0.18353188705262347,-0.3177817420817053,-10.63496447658748,0.8614126631277221,2.0536399704108823,61.0,0.45081967213114754,0.0,0.5054126183454414,-0.01715205358783066,0.14581357414525456,0.20383327592303557,3.1389375218409366e-08,0.033108636999999996,9.000962214797764e-06,0.00019162385556915204,2.1758857582423037,0.00019135651410926552,3.77542329690527e-08,89.0,0.33927146622013094,11.038776230874896,5.0,0.0009295108663565231,186.88403347493332,0.0390360428542217,0.03024794662854387,0.03047928284586015,0.0218767039477825,0.0034688534038565242,1.2032943937446995e-05,0.7438919076540899,365.0013282384109,0.015027322404371584,0.029960249343502353,182.5,134.23098405539912,0.9978327116816761,0.00273224043715847,1.8995776308092152,0.03131434034632406,0.0,0.726390148511814,0.004611779972615224,-0.36328166935924955,0.18032786885245902,0.8946490954183393,0.3633879781420765,56.67827792993572,-0.04543873406303635,0.0028004471298369265,0.002009467600025481,2.077125874737808e-05,0.002304652679918551,0.0015118463585775052,-8.287780459897282e-06,0.0,14.097727906016749,1.0225842601310813,73.0,18.0,1.026061871834679,0.0171593389064392,73.0,0.32786885245901637,0.0304462020485427,0.2016409918098248,5.774291730333047e-06,0.07394726945832411,-7.492460601204667,-1267.0558921225386,0.7072994691025806,4.839768795208583,57.0,0.3633879781420765,0.0,1.6847533785374011,-0.04543029333366867,0.12264645896913427,0.4274315831945764,1.5522052397443953e-05,0.7334556740093006,0.0018689902152699408,0.007932463614546727,2.1383939418470534,0.007684763818613941,6.777005785744136e-05,0.0
2,Ainur Raftuzzaki,Nunukan,1.7180859368315924e-08,0.0017364465440687592,2.0,7.158691403464968e-11,124.29020548054915,1.8075137631967664e-05,7.098302317895225e-06,7.347458438171562e-06,-3.422151394261164e-06,4.572086733794506e-06,2.0903977101339715e-11,0.9084146605092837,240.00000000200288,0.02282157676348548,6.973621960348471e-06,120.0,92234.96915438029,0.9989512357832779,0.012448132780082988,1.882071406626117,8.40135757016469e-06,0.0,0.790648105737277,5.901275277163313e-06,-0.35957598613543285,0.21991701244813278,0.5095765097244831,0.43983402489626555,18.91769665198427,-3.048614141473494,3.6370572283278197e-06,2.9854004909691553e-06,1.4369654384912143e-08,2.980531905787321e-06,2.285818290425189e-06,-2.9667563371749913e-07,0.1078838174273859,24.869718660339004,1.1872799381781889,51.0,9.0,1.029626386862637,2.1497289026228827e-05,51.0,0.2780082987551867,8.443333044336013e-06,-0.09327612945958193,-1.1482357887816914e-10,0.14439265049104086,-1.2744240846081234,-0.21855353508987674,0.829479405388002,2.6100306291502458,41.0,0.43983402489626555,0.0,0.8275681329280019,-0.04114300546558633,0.14147140710391734,0.5677374342045933,3.817827610105922e-11,0.0007164961178325973,6.587170674841141e-07,7.292222675472134e-06,2.165031562561882,7.2556367347963966e-06,5.564902665490107e-11,18.0,5.763841793111855e-07,0.007265306644380585,1.0,2.4016007471299396e-09,127.15493128754615,0.000117966063223,-5.128804140459256e-06,-3.884277248289436e-06,-0.0001232692447956,4.863466836414542e-05,2.3653309668904073e-09,0.911903675000882,240.0000004313536,0.02282157676348548,-5.578456693910994e-06,120.0,8651.353116141949,1.0000000000000004,0.016597510373443983,1.9944028595972934,-1.4713356187230006e-05,0.0,0.6432907440763695,5.883674384676851e-05,-0.1780379984404945,0.22821576763485477,0.08616066866814363,0.4605809128630705,9.2059859264894,-1.8894929069761242,3.8086301907597996e-05,4.625470274762398e-05,5.709266739962629e-07,2.946585664176382e-05,3.4353449336776976e-05,7.96283449157995e-07,0.2157676348547718,46.217028011687795,1.2499982053060776,66.0,13.0,1.0374718694981275,0.0002412353080186,66.0,0.4190871369294606,4.890435153236979e-05,-0.132388190574983,3.439335127340203e-08,0.22761647970623097,-0.04363002415650069,-0.4552816204128043,0.900376496432392,1.954290696413956,41.0,0.4605809128630705,0.02074688796680498,0.2385309057980727,-0.008398640036461172,0.13753413181545152,0.21974882046209765,4.443822311154527e-09,0.011101128659429756,9.477312264668787e-07,4.8950524930876704e-05,2.187046428106364,4.8935462570036635e-05,2.4374764979787625e-09,95.0,0.1871509075537447,6.648377338680392,3.0,0.0007797954481406029,122.31481879949892,0.0355846099627212,0.02769112738952624,0.027619332075119,0.0201615439685277,0.0031242993258830155,9.761246277713065e-06,1.079313584786378,240.0005862354239,0.02282157676348548,0.02753646629201155,120.0,118.39944389604806,0.9989512357832779,0.008298755186721992,1.805392033583715,0.027101923665914775,0.0,0.8379752596700264,0.004062887152923501,-0.5396636193542941,0.2033195020746888,0.8860414685979162,0.33195020746887965,25.831906172182382,-0.29581412494633025,0.0025507228332353736,0.0016235023964289307,-1.0923940377930829e-05,0.002077149227261498,0.0011156161804515997,-8.888490182164949e-05,0.0,9.791878577004846,0.9487232737006582,41.0,8.0,1.0240976835361808,0.015423065994193498,41.0,0.2738589211618257,0.027866822251212703,0.062393584200639014,6.364842537787547e-06,0.06093868485238756,-8.220340691723797,-502.95650366909575,0.7748036915144106,6.371277382952077,36.0,0.33195020746887965,0.0,2.0354407326172654,-0.07397791793177395,0.1117255154003794,0.747500881040063,1.8403882734395898e-05,0.38964057514294337,0.002309443479885959,0.0084402587562913,2.1011772562779685,0.008086189166655022,7.63069697079515e-05,0.0
4,M. Hendrik Purwanto,"Sreseh, Sampang",3.913331547744552e-07,0.009838094663706765,12.0,1.0840253594860256e-09,130.8084449465056,9.646034878418289e-05,2.678207527475224e-05,2.3677161712573352e-05,-2.4006501121146627e-05,1.9072264109737464e-05,3.637512582715798e-10,1.2609600130603789,361.00000001682815,0.015193370165745856,2.4514426674113578e-05,180.5,29972.70790138262,1.0000000000000002,0.0027624309392265192,1.7161763708023159,1.8156896345718704e-05,0.0,0.8190570311064609,1.6127956331486136e-05,3.6851830326706025,0.17403314917127072,0.5752264218656662,0.42265193370165743,33.48706101891262,-2.570448058306892,1.2812637018507895e-05,6.553595652580518e-06,2.3319542409118266e-08,8.16628891861787e-06,4.137747798447118e-06,-4.796212172366617e-07,0.03591160220994475,19.816686855154376,0.9873922466447088,62.0,13.0,1.0224528264242385,0.00012046684990532951,63.0,0.27900552486187846,3.2879033049864394e-05,1.5348098479166918,-4.772534356176431e-08,0.11388955939616327,-1.3149424346384377,-2.411063797869688,0.6338289570551313,3.2062583628976267,50.0,0.42265193370165743,0.0,1.1841449465025284,-0.03550493928920116,0.14023988306724527,0.26096899162898257,4.425169812116828e-10,0.002365848030581567,1.156097981633247e-06,2.847855746417652e-05,2.0873769747074973,2.8454145873838964e-05,1.0264347566659795e-09,10.0,6.922729051263093e-06,0.034180198504217094,4.0,1.917653476804181e-08,171.95273129153028,0.0003174672867339029,6.971353997429425e-06,1.936294458053973e-05,-0.00039557645689812206,0.00013811213248130644,1.9074961138533944e-08,1.071399406410595,361.00000216458375,0.015193370165745856,1.7094624351077467e-05,180.5,3334.6842067059342,1.0000000000000002,0.0027624309392265192,1.846440398075159,6.790197646269411e-05,0.0,0.7985895215098788,0.00015381413828178294,0.5744314269872453,0.19889502762430938,0.22197326338025955,0.4419889502762431,47.32898846954289,-1.4382277040464715,0.00010538811210676348,8.396292995266259e-05,-5.019766801304154e-07,7.572341681744936e-05,6.32849348690429e-05,8.029789070271865e-06,0.13812154696132595,22.397461878535527,1.5112716291856865,83.0,15.0,1.0292582371547827,0.0007130437436320249,82.0,0.2928176795580111,0.00013828796373904496,-0.6907077520946509,1.962662984659882e-07,0.17376161461818115,0.031485870594261674,-9.72542389353264,0.7662719669555104,2.1920667059716887,59.0,0.4419889502762431,0.008287292817679558,0.6216333985548732,-0.019887080171658026,0.14272552155158155,0.2299299578428302,3.633302009424593e-08,0.030310617712911193,1.2736225379301975e-06,0.00023043229019424454,2.1329847267204882,0.00023042820043339573,6.040763479337425e-08,110.0,0.3242770555237964,10.654942255875785,6.0,0.000898274392032677,169.8326873044249,0.04172937264446585,0.029515685764297646,0.02911009360104795,0.01655727730668856,0.004961578874052919,2.4617264923448232e-05,1.2024314600518566,361.0014885758901,0.015193370165745856,0.02941502816975115,180.5,76.57948751011985,0.9984546721760592,0.0027624309392265192,1.812044897771425,0.02788472020868834,0.0,0.8516533140018788,0.006261831856017086,0.034587133314933904,0.17955801104972377,0.902150692192793,0.356353591160221,70.29002659313143,0.028327941499399028,0.003898471623877939,0.0021067780886413166,7.226965145060939e-06,0.0030903670426053777,0.0013911211821374773,6.154251851363951e-05,0.0027624309392265192,2.626492444391183,1.4544841363555188,57.0,17.0,1.0205511945101227,0.02517209533777729,56.0,0.1850828729281768,0.02992980071868523,0.3079184756895005,-1.3732083143313567e-05,0.07050320293531569,-5.563309718633067,-1411.163830073206,0.6812994610327332,5.5137309235039105,54.0,0.356353591160221,0.0,1.8445109826526638,-0.04682243958740101,0.11667259746621284,0.42402431013880415,3.809393699121115e-05,0.7605468899995154,0.0016958012590750093,0.00972268581633091,2.109666275882506,0.009555262584779005,0.00010447190655736673,0.0
6,Okan Syailendra wahyudi,"Manyar, Gresik",2.4319998528611603e-06,0.0260152002050257,6.0,6.6813182770911e-09,196.79060293482,0.0002321393592696,7.14093714854254e-05,6.239183130674064e-05,1.2592337980067789e-05,3.954383592377632e-05,1.5637149595665422e-09,1.1838594202327422,364.0000001092969,0.0150684931506849,6.984465107962023e-05,182.5,9196.717127419324,0.9993562486743118,0.0027397260273972,1.8249357295823945,4.5524391173504544e-05,0.0,0.8440766519744421,4.41800561207352e-05,1.85659308900632,0.1643835616438356,0.629560509642502,0.421917808219178,81.65964124871539,-2.0879195349003115,3.0391401298374733e-05,1.6377125356219036e-05,-1.459269257323699e-09,2.114545186571882e-05,1.0135298301383497e-05,-1.7771526472643016e-09,0.0575342465753424,9.987215678491998,1.1664807894124445,58.0,15.0,1.0208747323118263,0.0002195470212895,58.0,0.2027397260273972,8.162728278896725e-05,1.2701440846384964,4.5270369197080304e-08,0.1189367177381654,-1.5385354976378518,-5.65852188138452,0.7011781712675884,3.242638159265512,54.0,0.421917808219178,0.0,1.1584238723826714,-0.034011998972635,0.1380817546367426,0.3660228151701372,2.2649999228905173e-09,0.0059612736296637,3.502373218529537e-06,5.9585666109231005e-05,2.140971357480129,5.9454963911914e-05,3.8352817422347905e-09,0.0,2.306759337727455e-05,0.0586622580934982,1.0,6.337250927822679e-08,208.34009500416943,0.0008089543514441,0.0001607185153246,8.456024071039853e-05,0.0,0.0001933091948071,3.736844479697513e-08,0.7395476908881421,364.00000892915534,0.0150684931506849,0.0001573563204146,182.5,1264.7760386570174,0.7088800987954014,0.0054794520547945,1.9084979840863532,4.0447717572209125e-05,0.0,0.7905682390613711,0.0002833209146046,0.8183613833634737,0.1945205479452054,0.3695290807109643,0.4547945205479452,33.76913867333641,-1.261229684455487,0.0001584679417115,0.0001352148149739,5.957154793876398e-22,8.456024071039853e-05,5.621473246719997e-05,0.0,0.1671232876712328,39.05277635252818,0.9648204955494308,46.0,16.0,1.0299859861819805,0.0008089543514441,73.0,0.3972602739726028,0.0002513938860933,1.2331202577298142,1.7823864799407985e-07,0.1926811244775056,-0.5448131205298002,-13.237235272353692,0.8836194538508264,1.8531659601893853,60.0,0.4547945205479452,0.0,0.3665832486679617,-0.0147741832483851,0.1530326010045849,0.3843243736492189,6.554153349155747e-08,0.0492181926505059,9.183716782096905e-06,0.0002503816015329,2.1651380806803764,0.000250179594815,6.496804350372708e-08,104.0,0.3063613033152954,10.485639256170105,2.0,0.0008416519321848,181.1019263562882,0.0364875681698322,0.0288164875986184,0.0289080577592054,0.0211124308407306,0.0029926708738066,8.956078958930879e-06,1.0020994321959074,364.0011618296052,0.0150684931506849,0.0287195723503827,182.5,132.20178301086608,1.0000000000000002,0.0027397260273972,1.883962741501632,0.0295687563717364,0.0,0.8124983099949629,0.0041035506874322,-0.1773287533420928,0.1890410958904109,0.9012194189873696,0.3726027397260274,19.21323967127218,-0.0668330533343258,0.0023646215535405,0.0017767460971625,2.257610353958489e-05,0.0019991633792719,0.0011622738093138,6.427421389269133e-05,0.0,11.006157766192295,1.3329878495887282,72.0,18.0,1.0252995825509506,0.0153751373291016,71.0,0.2876712328767123,0.0289714693531457,0.0518016267706456,-1.4053939151459562e-06,0.0770167641713234,-7.354191153464621,-1186.2263785686646,0.8324788391400435,4.535204457794475,62.0,0.3726027397260274,0.0,1.6276016072794484,-0.0449477211181602,0.1250788201037371,0.6638659479941964,1.4774607438710854e-05,0.6467355793671813,0.0016714923899166,0.0076021077198497,2.132205622234899,0.0073921179989172,6.145916360606643e-05,0.0
9,Muhammad Zaidan Nabil Rafi,"Kamal, Bangkalan",4.409991812566448e-06,0.048503270441016495,2.0,7.590347353814884e-09,325.271345384921,0.0001552870037173,8.34951375486721e-05,9.71888639043584e-05,-3.0223736634939154e-06,2.461437640083427e-05,6.05867525601947e-10,0.7220631110619754,581.0000001852637,0.009450171821305841,7.835690651170556e-05,290.5,0.0,0.6380011909576067,0.001718213058419244,1.9538366293713967,9.987872163402212e-05,0.0,0.8826143791531511,3.2877125390677934e-05,0.5018835076648505,0.13917525773195877,0.7696386372402606,0.4570446735395189,121.37916260720496,-2.057348973675767,2.0211362275342453e-05,1.398500516446774e-05,2.1649747310446175e-08,1.0068739687275487e-05,4.32493500699603e-06,0.0,0.11855670103092783,40.409714970646405,0.037113925543350045,100.0,17.0,1.0207467815058417,0.0001583093773807939,100.0,0.42439862542955326,8.704771978560737e-05,-0.2654817030596744,6.655106099857924e-08,0.15867006773344428,-2.2281417045033693,-9.713451017647284,0.7583124554624397,2.0225308739277703,87.0,0.4570446735395189,0.0,0.6096603359384519,-0.014910660782402758,0.1596045589332478,0.3524329791180073,8.079501773711099e-10,0.008125288000555756,3.335644891553839e-06,2.9696937715747816e-05,2.1761919151119584,2.9461664499831114e-05,9.021917538559486e-10,2.0,6.393545729384311e-05,0.1470354837688201,9.0,1.1004381634052171e-07,276.25675852406516,0.0007978355279198876,0.0001396342034625623,0.00029556659790098755,-0.001466140997544765,0.00030059445577332745,9.03570268416629e-08,1.1371601325265497,581.0000106533562,0.009450171821305841,0.00012212072688460958,290.5,49707.95349440459,0.6814802494735578,0.001718213058419244,1.825843871941898,0.00023184139655372453,0.0,0.9412177446413884,0.0002822565759953584,7.628754066588289,0.13573883161512026,0.3681784286732746,0.4536082474226804,101.15476511815704,-1.1187333395269214,0.00021530087396776125,9.944340369575468e-05,-8.282248356840077e-07,0.00010679046606520104,2.9420841290942902e-05,0.0,0.09965635738831614,7.5851576240718765,0.37987865128421205,62.0,17.0,1.0131155746254084,0.0022639765254646527,62.0,0.12199312714776633,0.0003314434154094589,-2.081636219341874,-4.196984103538885e-07,0.15325094528026184,-0.2823085890481996,-83.2728285265915,0.7052687622968081,2.275054236165293,97.0,0.4536082474226804,0.0,0.7730655084907201,-0.015795394786166986,0.15055139109135215,0.08784054404293662,1.1793073300409332e-07,0.05777661754723347,8.5754931589124e-06,0.00046286362030665325,2.105326386009261,0.0004627775457528762,2.552164775657558e-07,87.0,0.43661317610732575,15.699891075006269,6.0,0.0007514856731623507,318.04944157881806,0.04692906177265951,0.027026636289485106,0.025276455571492842,0.0201324615627406,0.004444703763063948,1.975539154139482e-05,0.9980845340838947,581.0019394433739,0.009450171821305841,0.02710559990042122,290.5,56.52123574096921,0.6814802494735578,0.001718213058419244,1.8808823957153007,0.024151951594228435,0.0,0.9059368451894928,0.006054767873134546,2.21840302690587,0.13917525773195877,0.9298247909089027,0.3694158075601375,108.28325302667812,0.10806167767830278,0.003591010572342058,0.001492867942399316,2.0456751139281747e-05,0.0016078963033901404,0.0005538979022923253,0.0,0.012027491408934707,3.090638184588631,0.40388809712445295,66.0,14.0,1.0138287651311852,0.026796600209918905,65.0,0.2302405498281787,0.027389677994921886,1.38752092513832,1.3167865102823063e-05,0.0818872494477093,-4.773506109429095,-3535.9170514679554,0.6995363507724454,4.807213046325495,101.0,0.3694158075601375,0.0,1.637739378405617,-0.027446338067632862,0.12248683180910701,0.43530134439794266,2.2857513725316452e-05,0.8673562745340027,0.00100150925877507,0.00779112459964238,2.134624396045938,0.007717075487220077,6.632585751109468e-05,0.0
10,Triswanti Jannatul Ma'wa,Kedungpring Lamongan,3.953900564873112e-07,0.010988739656091383,7.0,1.0832604287323595e-09,189.51231388036803,6.118965174105121e-05,2.995736739398825e-05,2.984428965646657e-05,-4.622910493243779e-06,1.3522456862812062e-05,1.8285683960661305e-10,1.0534480883469892,365.00000001376793,0.015027322404371584,3.0450860341451308e-05,182.5,27313.989050671662,1.0000000000000002,0.00273224043715847,1.8430671456669214,3.157399873561846e-05,0.0,0.8257947479436081,1.7548261113523956e-05,-0.12173044103326891,0.18579234972677597,0.6664725268066105,0.40710382513661203,71.71957256728422,-2.4895129695884224,1.0667706925009907e-05,6.23478491550049e-06,-6.455413648180927e-08,8.586670694355308e-06,4.193243017058048e-06,4.47586085598826e-08,0.05737704918032787,11.61451944105921,1.2780717017446908,59.0,16.0,1.0209810373074868,6.581256223429498e-05,59.0,0.21584699453551912,3.2867928148652806e-05,-0.08607284571687294,1.503536644401525e-08,0.11396975351563787,-1.900338538365122,-2.145132318306142,0.7107356837935989,3.268421311010076,64.0,0.40710382513661203,0.0,1.1276101369081868,-0.035102517189149154,0.13225335474102065,0.4233660915676981,2.7445690287742163e-10,0.002275696494157679,1.5712402280666678e-06,2.1240176771266343e-05,2.1416839414299216,2.1170189656038062e-05,4.945346677931384e-10,4.0,1.3737142451947932e-05,0.049761759126586425,2.0,3.763600671766557e-08,196.4852211987643,0.0005416620551841,6.661318564657099e-05,4.483609882299788e-05,-0.0003685372357722,0.00018192267477209613,3.309585959623386e-08,0.9251997818342257,365.000005252052,0.015027322404371584,6.476080606401397e-05,182.5,1862.128411448061,0.9993583051330966,0.00546448087431694,1.9195008845488413,-4.9967483937494994e-05,0.0,0.7550284003569331,0.00024076430131333892,-0.29123744825692865,0.1912568306010929,0.17850472452250563,0.4426229508196721,27.31238677265132,-1.2194894752826024,0.00014716543994201887,0.00012335447015183806,6.017587821425677e-07,0.00011743337613430086,8.278034431890001e-05,-4.41546295815207e-06,0.1448087431693989,18.503157779237274,1.2416034719079905,65.0,15.0,1.0233639230973226,0.0009101992909563,66.0,0.31147540983606553,0.0001937348086901742,0.2562828387326312,1.3983708140978362e-07,0.175932759932017,-0.2269284174228725,-14.728972025499555,0.8520145415600942,2.2455451903038064,56.0,0.4426229508196721,0.00273224043715847,0.6116272854510434,-0.019113003429998898,0.1391482330985996,0.20603819010540003,6.271335211181406e-08,0.045024381605420896,1.7408577345496508e-06,0.0002713988616957734,2.1761088675245563,0.00027139295236927846,7.625617548418447e-08,98.0,0.32964544205346424,10.836745647670908,4.0,0.0009031381974067514,183.342698443572,0.0402699861673381,0.02968917087806182,0.02932045888155695,0.0184853514821553,0.004384488485182809,1.922373927670064e-05,0.9811978804454264,365.0017910621459,0.015027322404371584,0.02987384312003085,182.5,81.34503892621669,1.0000000000000002,0.00273224043715847,1.8698658250981712,0.02828843709048756,0.0,0.771261521172816,0.005587197561816828,-0.038920780995971516,0.18579234972677597,0.9003491995805907,0.3879781420765027,24.011756811292123,0.07205451983368427,0.003389307256592748,0.0022795153271345913,-2.0458477435646788e-06,0.0026874584145844,0.0016363264067704025,7.146384505968273e-07,0.00273224043715847,4.36913463434277,1.0876186279558655,70.0,16.0,1.0247162362808873,0.021784634685182803,70.0,0.24863387978142076,0.03001117469715996,0.18260070669029713,1.3552487010766418e-06,0.08146209412429695,-5.69178206590485,-1353.6001068785472,0.7631751725208806,4.65488099828226,52.0,0.3879781420765027,0.0,1.6458281171545233,-0.043491097685434084,0.12706616196924858,0.6083268926244493,3.206821408757888e-05,0.8320230944041258,0.0017804321570796557,0.00949709878739322,2.1464792584585632,0.009297609701383679,9.510372357365537e-05,0.0
11,Ahmad Syahrul Farihin,"Gresik Kota, Gresik",1.7855302409300639e-06,0.023521281846559286,3.0,4.891863673780997e-09,173.3307679083775,0.00016270032615757967,6.43689449732988e-05,6.292463470779737e-05,5.56491948276115e-06,2.7113407182846982e-05,7.351368490628584e-10,1.1051836526245444,365.0000000762287,0.015027322404371584,6.221637112891494e-05,182.5,13970.928524087836,1.0000000000000002,0.00546448087431694,1.8611180691288862,7.627585248642948e-05,0.0,0.833549848230054,3.648087455533377e-05,0.1132334869442091,0.17759562841530055,0.655628423722377,0.4344262295081967,36.59922727009176,-2.124547282128795,2.180106083560891e-05,1.4139135553988093e-05,7.353735607665972e-08,1.835391231143027e-05,9.164048739731959e-06,6.852579756552128e-08,0.06557377049180328,11.938683197928476,1.0752368864642137,64.0,13.0,1.0226852345613489,0.00015713540667481853,64.0,0.27322404371584696,6.984624489575962e-05,0.489608609098774,-3.202662554657331e-08,0.1247098779993018,-1.8918283854631481,-4.32541534459175,0.7915660024967995,3.039421477727699,61.0,0.4344262295081967,0.0,1.112052850066372,-0.03233103500746571,0.1429475351901568,0.6767785044966517,1.4004242605530083e-09,0.005160784477205654,2.9845966401083934e-06,4.601154775405044e-05,2.1464257961588395,4.588486175023673e-05,2.2563306342995706e-09,0.0,6.42525982008382e-05,0.10532590230669434,3.0,1.760345156187348e-07,171.6819697878883,0.0012831689212675133,0.00018289297586050746,0.0001442262946511,-0.0012012734671546766,0.0003769664525892371,1.4210370637771352e-07,0.913260486374631,365.00001757210237,0.015027322404371584,0.0002058896637782347,182.5,921.0873712622856,1.0000000000000002,0.00546448087431694,1.8910177780384128,0.000165169846477528,0.0,0.7763876460022319,0.00047322074408186394,0.9018808497762287,0.19398907103825136,0.27037635442221103,0.45081967213114754,23.03096534791099,-0.9511964815411796,0.0002907664518606844,0.00023024713961688413,-7.706171034017955e-07,0.00022482901439371185,0.00015981938713548812,8.283048503934364e-06,0.11748633879781421,19.253276503030424,1.2007424318276771,76.0,13.0,1.0265647814982015,0.00248444238842219,75.0,0.23224043715846993,0.0004189911061070696,0.08309938299444253,-1.3915311011763892e-08,0.1653736967421511,-0.3174854021992048,-34.37934627149613,0.8283636019136281,2.3461272862010527,59.0,0.45081967213114754,0.0,0.7373687507278418,-0.021837762861837393,0.14355983678002984,0.2403408267783378,2.5109800329587557e-07,0.0840402059601627,8.811384497801232e-06,0.0005976862442525307,2.161237149883381,0.0005975957446920878,3.7508942074729267e-07,101.0,0.31199317326076653,10.567486720353944,3.0,0.000854775817152785,181.24073678618717,0.04077647104131928,0.028955962344048902,0.028725944712124637,0.014815234718866956,0.00374066956980662,1.3992608830477245e-05,0.9514479913714041,365.0015794437877,0.015027322404371584,0.0288844993810378,182.5,112.69557740878,1.0000000000000002,0.00273224043715847,1.8759685227418008,0.029093914696215736,0.0,0.7458520151850285,0.004427118953582512,1.0752156759631788,0.1885245901639344,0.89118962444398,0.3879781420765027,26.02270577982441,0.020551671398018997,0.002866313253572074,0.0020733416142090524,1.5593733485430943e-05,0.0022092214396003257,0.001350752689903572,-0.00011887353385904229,0.0,11.849322428716833,1.3424034866763723,64.0,17.0,1.0226852345613489,0.025961236322452327,64.0,0.18579234972677594,0.029196581376943004,0.16041871611422942,-1.8580081616495026e-06,0.08179128681087537,-6.056595558519487,-1279.3795457473614,0.8171098186133381,4.600352359333133,53.0,0.3879781420765027,0.0,1.6190001446500428,-0.04340614972541925,0.1269077472896185,0.695984398248631,2.4105683262768853e-05,0.756769689186304,0.0017046613950281956,0.008420136802323529,2.1455915887332924,0.008218334841007889,7.463062238414358e-05,0.0
12,Rian Renaldy,"Waru, Pamekasan",1.3266853765827747e-07,0.006069790210535728,4.0,3.634754456391164e-10,160.17472375312624,4.1797467347761734e-05,1.5170688468901818e-05,1.567772176883575e-05,-3.697284547148861e-05,1.1503588775167355e-05,1.3233255470815636e-10,1.3099283462030278,365.00000000806597,0.015027322404371584,1.5334469062623418e-05,182.5,44001.7063665803,1.0000000000000002,0.00273224043715847,1.815308309831289,1.4227857861024114e-05,0.0,0.8075017548774023,1.1999185143899775e-05,2.424443994594328,0.18579234972677597,0.5466228616015074,0.3879781420765027,35.3299282461505,-2.586085218572986,8.384199472822853e-06,4.946574827653587e-06,7.223932856064456e-09,6.010411457095724e-06,3.5880995652387494e-06,-2.8165644228768834e-07,0.06557377049180328,0.007773795606203689,1.2080625403156835,61.0,15.0,1.0216640049759071,7.877031281925034e-05,61.0,0.1885245901639344,1.903896907210648e-05,-0.6984088427334377,-1.7681322593692362e-08,0.11234939508393343,-1.1064296476698208,-1.6443497985089217,0.7410493487372024,3.6961803101187387,59.0,0.3879781420765027,0.0,1.2553167354153942,-0.035520649635215305,0.12516277279395838,0.3581131576093459,2.37712834193836e-10,0.0018054998120935592,6.737821669588279e-07,1.9093422342123837e-05,2.143290235142557,1.9078863393030935e-05,3.9556395087855116e-10,18.0,1.528937822712936e-05,0.046705223751110136,5.0,4.188870747158729e-08,131.4649695231173,0.0003481072461553027,-3.50796919279045e-05,-6.419843145977211e-07,-0.0008226077891750926,0.00020135459434891578,4.054367266541643e-08,1.1863201069955729,365.00000182424554,0.015027322404371584,-9.883930442677197e-06,182.5,2994.8070255594907,1.0000000000000002,0.00819672131147541,1.8185341586376407,5.5428487322703945e-05,0.0,0.8345723521215607,0.00018614179219483666,3.0272892838516094,0.17759562841530055,0.3240315672194453,0.412568306010929,42.476875112076435,-1.3699359002704328,0.0001411782793556552,7.649800731576424e-05,1.875959846008255e-07,9.360175625111785e-05,6.287694495558088e-05,2.9898638618984813e-06,0.07923497267759563,-2.0007426616521387,1.2296438892939103,68.0,16.0,1.0238718287035204,0.0011707150353303954,67.0,0.16666666666666666,0.00020438751784581445,-1.439328776853637,3.2466728813529786e-07,0.1237478038052636,-0.07011296731595693,-20.956527099765903,0.694038404802019,3.6138230950588253,53.0,0.412568306010929,0.00273224043715847,1.2566011486761104,-0.03257929763145021,0.12682904613790807,0.13383587307279599,6.744529470439981e-08,0.027921772670253947,3.6372171539641386e-07,0.00035325555278760553,2.1348386481717294,0.00035325533506980406,1.409953849518115e-07,101.0,0.27490673564060486,9.926490298259436,2.0,0.0007531691387413832,178.71321069199047,0.03807771283134604,0.027198804987145088,0.0272391885519027,0.018821612850305675,0.0033669432480732072,1.1336306835745759e-05,0.9460477963220542,365.0015579492764,0.015027322404371584,0.02710603012272761,182.5,127.1433049861589,1.0000000000000002,0.00273224043715847,1.9092581871622196,0.02748685784177384,0.0,0.7311574180964892,0.004215733945519089,0.08000735504193113,0.19672131147540983,0.8941480905458864,0.38524590163934425,22.07549067653928,0.022145866709817955,0.0026526512407995966,0.0021059450018472425,-1.604650935081672e-06,0.0021116311351458503,0.001432983259640419,7.519908417971677e-05,0.0,12.881690048998154,1.238780945014827,69.0,15.0,1.0243787874691415,0.019256099981040366,69.0,0.3087431693989071,0.02740640982625222,0.15064494304582907,-4.382773740628033e-06,0.08297730620363063,-6.314083560569995,-1170.1683301074308,0.8189803968143076,4.373014957489186,60.0,0.38524590163934425,0.0,1.5619181725531466,-0.043100098187641274,0.12750148322310256,0.6630755979564861,2.1005641594211834e-05,0.7686699256742435,0.001575139387122068,0.00768165326577309,2.1526570577446353,0.0074925237879575855,6.176247325704672e-05,0.0
13,Ahmad Dafi Zidni Alfarisi,"Paciran, Lamongan",3.299168882777046e-07,0.010448019778637683,3.0,9.038818856923413e-10,200.71939045438344,5.2135310094551336e-05,2.8613994857230686e-05,2.810724846616116e-05,8.78091395861702e-06,9.091290412488958e-06,8.265156136421366e-11,0.8425748165205084,365.0000000117232,0.015027322404371584,2.8578045657923212e-05,182.5,39712.9458934257,0.9993583051330969,0.00273224043715847,1.9313866962409096,2.3954952606194032e-05,0.0,0.7591297325178078,1.193518852852983e-05,-0.25958595096095793,0.1830601092896175,0.7044694892076478,0.4344262295081967,37.80992341624327,-2.565321563257985,7.341158785497643e-06,5.502115904850514e-06,-4.365075010895093e-08,5.954464256016461e-06,3.5007137436574896e-06,0.0,0.06830601092896176,22.57506106711254,1.399266349045769,72.0,18.0,1.025726084160307,4.3354396135934316e-05,73.0,0.3251366120218579,3.0023528491065764e-05,0.25499023400758264,2.340230852615533e-08,0.13204474701042185,-2.391653399521448,-1.5273885760573043,0.785395211554116,2.610216709958237,58.0,0.4344262295081967,0.0,0.9271905674734231,-0.030438276799660845,0.14876269210030568,0.3973000312935644,1.1583222790249633e-10,0.0020082723052704376,1.956840675857999e-06,1.4756216702395232e-05,2.1594320183101816,1.4595922738250416e-05,2.2844530100517646e-10,0.0,6.685298504213595e-06,0.0332921725777377,2.0,1.831588631291396e-08,176.4650520270597,0.0003583118595997,3.012592813629117e-05,2.741158383893586e-05,-0.0002958626959281,0.0001317507926413137,1.7358271361614438e-08,0.81569159132555,365.00000365769574,0.015027322404371584,2.6234610681754683e-05,182.5,3011.6069357202564,0.9993583051330966,0.00273224043715847,1.9541401656029236,-1.4841459405900178e-06,0.0,0.7233579859985434,0.0001623341622042199,-0.17686765431975848,0.20491803278688525,0.11841126631104741,0.45901639344262296,12.073259322561139,-1.3234428991163338,0.0001035518233813841,0.00010944781553660659,7.10183343322173e-07,8.133735802098296e-05,8.878144293092217e-05,7.107054746787376e-06,0.1830601092896175,30.831112376227082,1.241251731963701,83.0,18.0,1.0292315011315836,0.0006541745555278,83.0,0.4153005464480874,0.00013515118537285354,0.05373046590223868,1.8381468393674464e-07,0.20046943991185318,-0.1153729607259204,-7.478488639842974,0.885469649935053,1.9478999417496967,57.0,0.45901639344262296,0.00819672131147541,0.402744419456374,-0.01278132901922097,0.14514221327290155,0.20595214771961956,3.255679469041662e-08,0.039948452670861404,2.9752833126254514e-06,0.0001834804936036951,2.1822135781163134,0.00018344790638329111,3.459065296959521e-08,127.0,0.3242475925336672,10.79849177655149,5.0,0.0008883495685853896,185.78688307106404,0.0383267900324426,0.029583366922211602,0.0293240182412167,0.0211945009767076,0.0032782290215243514,1.0746785517564506e-05,0.9756851721559533,365.00121949606245,0.015027322404371584,0.029582478514768952,182.5,99.6778064471113,0.9956333817835767,0.00273224043715847,1.8467762415395443,0.028904031051788348,0.0,0.7707696006965989,0.004504533174137251,-0.11447895429125898,0.18032786885245902,0.9085098587926398,0.412568306010929,31.814459797149443,-0.09560088514014765,0.002629192275805047,0.001849103279279565,1.2678713388910953e-05,0.0021701177271703995,0.001219974520305804,0.0,0.0,16.070652364958885,1.298835456702367,71.0,14.0,1.025894029566716,0.017132289055735,73.0,0.3907103825136612,0.029764448322987077,0.056077362469083694,4.623044265868341e-06,0.07707144616591359,-7.300943374921923,-1231.7293309417155,0.7777672754567873,5.023700799603125,56.0,0.412568306010929,0.0,1.7697234970977396,-0.044624101553425825,0.1317193201134218,0.6083374709298369,1.6018705374333516e-05,0.6749226969370412,0.0018131331473459817,0.00799680523405258,2.115873441780022,0.007768593368708665,7.040034923952516e-05,0.0
14,AHMAD MAULANA ISHAQ,"Kertosono, Nganjuk",3.4785684199127024e-07,0.010814451110164484,3.0,9.530324438116992e-10,170.54160139981573,5.627620657833177e-05,2.9616253737714226e-05,2.9157408589526314e-05,8.897073166735936e-06,8.561894917255255e-06,7.330604457412137e-11,0.9519790925450758,365.00000001044555,0.015027322404371584,2.987532568946942e-05,182.5,38659.103547781546,0.9993583051330969,0.00546448087431694,1.891324647880454,2.5479769860794476e-05,0.0,0.833773355160119,1.2227452780659096e-05,-0.14210338191617966,0.1830601092896175,0.7503018679317912,0.4426229508196721,25.951781738276804,-2.600423589106985,6.915472142582265e-06,5.521149760576769e-06,-4.0937917244625473e-08,6.004359190114882e-06,3.955823255334206e-06,-2.8576135134374033e-07,0.060109289617486336,21.695188133102793,1.0037212620618727,71.0,17.0,1.025053267749791,4.737913341159583e-05,70.0,0.40437158469945356,3.082902090613312e-05,0.3017019276360327,-1.5518879026345345e-08,0.12664790735444417,-2.609257699265156,-1.563790748337233,0.8172253175249986,2.6849030303905947,66.0,0.4426229508196721,0.0,0.9933920462940303,-0.03183092778491665,0.14887000788906354,0.6305670433801537,1.2919160709229624e-10,0.0020152196626105207,1.412660816284622e-06,1.3501979353951578e-05,2.1545483508451335,1.3405631344766656e-05,1.9101479031098357e-10,0.0,9.899780285185936e-06,0.037696508327457495,1.0,2.712268571283818e-08,175.4652467137964,0.0005145684717717,8.399143012728193e-05,5.988395417131999e-05,-0.0002652334114827,0.00014140021103005166,1.9994019679343144e-08,0.7385726512462706,365.0000056151987,0.015027322404371584,8.438813154041253e-05,182.5,2550.970224078247,0.9993583051330966,0.00819672131147541,1.9573870220904677,7.697247656340047e-06,0.0,0.7377088187134528,0.00016529503331727972,0.6392959195269783,0.20218579234972678,0.22989625933104185,0.4672131147540984,19.119857176892843,-1.3043498699196303,0.0001091133017001941,0.00012065897699527625,-1.3162521261692895e-06,7.948867848499999e-05,7.21126728941169e-05,-4.779688765662481e-06,0.20491803278688525,39.2353604919709,1.4303518578022214,85.0,15.0,1.0298941615982293,0.0007798018832544001,85.0,0.4289617486338798,0.00016446452509331374,0.7705267221785461,-4.376753550694151e-08,0.21385735968884662,-0.38013398214455996,-6.322349043340829,0.9059754099570109,1.7656982260899854,62.0,0.4672131147540984,0.0,0.20415671452221185,-0.009326584973359912,0.15228079574653677,0.3927860076720284,3.62494047657753e-08,0.04404052660327583,4.730385140115979e-06,0.0001849446855950711,2.17617028236056,0.0001848786736392869,3.522114723512052e-08,108.0,0.3360731910186898,10.977825811861198,2.0,0.0009207484685443556,187.0643313926878,0.0414377362467348,0.030079510506092696,0.02966024783589606,0.0195518764667212,0.003668216195919495,1.345581006000609e-05,0.7506194135987463,365.00200316812135,0.015027322404371584,0.0301469219848513,182.5,92.00690997506182,0.9984744065485794,0.00273224043715847,1.916075530532833,0.02940051336772732,0.0,0.7131994536096845,0.004767468528977251,0.09646925835979925,0.1830601092896175,0.883534868827935,0.4016393442622951,37.63707407107954,0.011531171225435803,0.002895604716969425,0.002374751972707704,1.9701425470922176e-05,0.002357637373885774,0.0016904908698053,-0.0001535021699965028,0.0,16.88078786176253,1.2026455594294247,79.0,21.0,1.0279013777389105,0.021885859780013603,79.0,0.39617486338797814,0.03030235572271811,0.33632755553900123,5.985826128802501e-06,0.08536996200095327,-6.6062763078115125,-1247.1908044665051,0.7658302815326086,4.096493746523212,59.0,0.4016393442622951,0.0,1.506089336853413,-0.04248267490551196,0.1333398214923784,0.48169126950965513,1.836318665607171e-05,0.8667844700383119,0.0018458148191245517,0.007962466267805064,2.1427917578973457,0.00771905550355837,6.776299659418376e-05,0.0
15,Rahardian Ananta,"Jabon, Sidoarjo",3.684857052090955e-07,0.011529314482889193,51.0,1.0095498772851932e-09,184.00205657297514,3.516157595655019e-05,3.156838342564506e-05,3.23291081658284e-05,2.218916825300868e-05,3.198235791589526e-06,1.0228712178604283e-11,2.0853521546027367,365.0000000000009,0.015027322404371584,3.1652483569230524e-05,182.5,119537.9557164338,1.0000000000000002,0.00273224043715847,1.0309590715307346,3.451295557137311e-05,0.0,0.9956018669241138,5.104432505802125e-06,-0.09558349027964441,0.10109289617486339,1.05462864893384,0.06284153005464481,165.16187508463105,-4.66522474170623,2.6778221864935303e-06,5.724780854602629e-08,1.3833877500776508e-08,2.3606179139470413e-06,4.881281917479063e-08,-1.3405407037958485e-08,0.0,-0.8328247204495188,0.2833033417771173,0.0,1.0,1.0001850871479696,1.2972407703541511e-05,1.0,0.00546448087431694,3.1729978636726914e-05,-0.8201169406383004,3.0274728149195926e-09,0.012651517718576309,-27.59209235701124,-1.2180838498395987,0.12419340114375707,38.61735665874115,0.0,0.06284153005464481,0.0,5.7783281898689305,-0.06124762245475988,0.05672957149967105,0.04699183909481164,2.175588947993321e-12,2.0895450119299596e-05,1.489251925391233e-06,5.159727237879027e-06,1.924511012726211,4.928371736695275e-06,3.022770286394699e-11,0.0,7.24738562307265e-06,0.04869475964540869,85.0,1.985585102211685e-08,231.89314450819063,0.00019240589180374284,0.0001333033718363322,0.00013875951097857636,6.808540181008553e-05,4.5075615582092595e-05,2.0318111201045886e-09,1.991805919144399,365.00000000009476,0.015027322404371584,0.00012992345920388864,182.5,6402.137421848069,1.0000000000000002,0.00273224043715847,1.030933901290304,7.430142630976839e-05,0.0,0.9934071056751129,9.347740027467027e-05,-1.5082222289109306,0.10382513661202186,1.0832166113160062,0.06830601092896176,189.6277845800384,-3.6428397504563246,4.058000737847778e-05,6.040048518575074e-07,7.720331249129989e-08,4.387687582069277e-05,5.935660250466703e-07,2.9674977943378283e-07,0.0,-0.5112452741879375,0.3051318643561432,1.0,1.0,1.000370040760988,0.00012432048999365733,1.0,0.00546448087431694,0.000140718158256282,-0.15225625947658306,3.4892945139952374e-07,0.013671181584347157,-12.420889654047656,-6.12944980452932,0.05015789038556753,37.083685165826964,0.0,0.06830601092896176,0.0,5.65495599943866,-0.0609844988532049,0.05771208203215133,0.0034345726286514333,1.3977335802343347e-10,0.0002204617709279902,5.81645478019714e-06,1.9535941381497804e-05,1.9014671955452997,1.860094338791451e-05,4.3039383168557825e-10,0.0,0.3154482637827231,10.707546514729476,45.0,0.0008642418185828031,185.01526633130072,0.03286879615834124,0.029340864403248377,0.029182695270652072,0.028308510433182582,0.0009970848553558398,9.941782087799762e-07,1.9742499571613752,365.0000001057768,0.015027322404371584,0.029065527133846296,182.5,538.8696542510304,1.0000000000000002,0.00273224043715847,1.0402764202604433,0.028536524719440515,0.0,0.994313048542618,0.0010851044738040307,2.2034539393890658,0.10109289617486339,0.9618543944700204,0.030054644808743168,128.77509772209615,-2.2007302475692105,0.0007289307109611771,1.653302842310038e-05,9.09007835018747e-06,0.0004836601896373773,9.867665154979915e-06,9.844413981219269e-08,0.0,-0.7318896557215959,0.28285691054894857,1.0,1.0,1.000370040760988,0.0045602857251586595,1.0,0.00546448087431694,0.029357801384616453,1.5197007453346842,3.129229507474108e-06,0.009572650376395705,-52.40180384413879,-1054.779531021543,0.28763828137540226,50.756259649650154,0.0,0.030054644808743168,0.0,6.659696786864246,-0.06204212218254233,0.04999060229459594,0.17452584654304604,1.2316340495430711e-07,0.006034555374431639,0.0018034370474624719,0.006714065796463969,1.9268524796626325,0.006456517787666604,5.236578121848451e-05,0.0
16,Verdi Setyawan Ardiansyah Putra,"Menganti, Gresik",9.892897512689404e-07,0.017352209538254434,3.0,2.7103828801888775e-09,181.60398737307895,0.0001034645186986,4.751833470387923e-05,4.467711106761791e-05,2.583258423802923e-06,2.1094675381563706e-05,4.4498532945354987e-10,0.9333996430645961,365.00000003761056,0.015027322404371584,4.803013958775369e-05,182.5,13318.219075978523,1.0000000000000002,0.00273224043715847,1.8885225675482147,2.7803573492502197e-05,0.0,0.8324269282308179,3.295751292860699e-05,-0.6134497011648921,0.1830601092896175,0.6503358169566822,0.3907103825136612,57.210517152679714,-2.2381618436931197,1.7596446262846584e-05,1.0443889668477148e-05,5.937909001815758e-08,1.5860949560167604e-05,7.720308436936535e-06,4.402744073873048e-07,0.06830601092896176,5.4990157062737195,0.9612402368909627,61.0,15.0,1.0216640049759071,0.00010088126027479709,61.0,0.2349726775956284,5.19901669787994e-05,0.3833063256679662,1.8978950195183517e-09,0.11246335994010288,-1.8494237379689937,-3.5229597909878345,0.7599623756180512,3.554634972654752,65.0,0.3907103825136612,0.0,1.191821661461604,-0.03549124107773609,0.12714967439699867,0.4194460616761517,7.088647182231243e-10,0.003812019728994159,3.0304475044605193e-06,3.423603575222552e-05,2.1527665668152967,3.4059116093239934e-05,1.2313542469937258e-09,0.0,1.6724150420764245e-05,0.05042397137125966,4.0,4.581959019387464e-08,141.6961551321913,0.0008246215490537816,8.988886787000347e-05,6.459809684733952e-05,-0.00038765857136386945,0.0001939442999672379,3.761439148978196e-08,0.9829533964800157,365.0000048363582,0.015027322404371584,8.576509000179724e-05,182.5,2190.4489741041775,1.0000000000000002,0.00546448087431694,1.8457957259252324,3.663947078230844e-05,0.0,0.7597243569583502,0.00021728638022631562,2.0478994937980275,0.20218579234972678,0.30271602656151414,0.4426229508196721,21.380130599512707,-1.3004289300062633,0.00014337946466784295,0.0001205000019788207,5.442770710901368e-07,0.00010287981951685127,9.181117857224311e-05,-3.658342773094025e-06,0.13934426229508196,29.65285070250827,1.2569382609303852,83.0,14.0,1.0288995725299748,0.0012122801204176512,82.0,0.34153005464480873,0.00021376248514819646,0.9454034126736004,-1.6254261721402332e-07,0.16833160293886357,-0.3034135640052077,-16.540504695961943,0.7897088178657288,2.1818940108972775,53.0,0.4426229508196721,0.0,0.6110438888762016,-0.021074477079466,0.1448348229774447,0.23632717449184737,7.065543196709256e-08,0.04398250072226956,6.695682798645401e-06,0.0002975433668542008,2.1492210819939728,0.00029746026103770983,9.952875470802244e-08,108.0,0.3174879253602809,10.677991302140768,2.0,0.0008698299324939203,183.20786918141118,0.03892178281761372,0.02925614776571691,0.02908102401174216,0.0207940568445158,0.0033957570421700102,1.1531165889447217e-05,1.1051498536931523,365.001472390963,0.015027322404371584,0.029134759628288737,182.5,113.89273267922816,1.0000000000000002,0.00273224043715847,1.91928666272412,0.028951533532409864,0.0,0.7237723831602558,0.004505254682887056,-0.136650983486172,0.19398907103825136,0.9050521354621971,0.39617486338797814,27.533782916735138,0.025913667351832724,0.0027057184316807534,0.0021415240815383916,1.8990284090361908e-05,0.0022746325204414993,0.001640285711203296,-8.048036870926534e-05,0.0,11.829353749394054,1.4130013747325059,77.0,17.0,1.0270667689824924,0.018127725973097922,77.0,0.3087431693989071,0.029452560974878052,0.32510769133161554,1.0853307088126917e-06,0.08129805912600627,-6.767537472899443,-1230.8085389830972,0.8112658665876653,4.598900597112929,58.0,0.39617486338797814,0.0,1.6341975386628917,-0.043533426810727416,0.12908889976540072,0.6656406888863317,2.0302629204873367e-05,0.7816562897615129,0.00171583784609847,0.007998782891634193,2.154537320875788,0.007781474217518859,6.674593519380727e-05,0.0
19,Muhammad Isa,"Bandung - Jogoroto, Jombang",4.7544691725733366e-07,0.011864689379230001,7.0,1.3061728496080594e-09,197.15323704739998,7.3074254e-05,3.240418021389041e-05,3.420035e-05,-6.018261e-06,1.5892243344519424e-05,2.525633985214219e-10,1.037404233298758,364.00000001628575,0.01506849315068493,3.26478895e-05,182.5,28594.696484453638,1.0000000000000002,0.0027397260273972603,1.8116793960286226,3.748262225e-05,0.0,0.8422556824150694,2.0845826e-05,-0.10453225768893182,0.17534246575342466,0.6487923862289607,0.39452054794520547,88.79061345751451,-2.4728752295687784,1.2617496565599549e-05,6.34903089467033e-06,2.298212912087912e-08,1.0416947e-05,3.607222000000002e-06,-2.2547199999999648e-07,0.052054794520547946,6.503909708011317,1.1299353483442265,44.0,15.0,1.0156773505188164,7.9092515e-05,43.0,0.16712328767123288,3.609147120658437e-05,-0.24383431489201407,2.3451825969223615e-08,0.10722473949158547,-1.7627253200755455,-2.5323010370538634,0.7145708079130392,3.7513650104920653,60.0,0.39452054794520547,0.0,1.2752267214301638,-0.03706732057920146,0.12833719751592013,0.38155074513964427,3.990357478926181e-10,0.0023110472456600003,2.070284976931637e-06,2.5200533832879468e-05,2.1269240485664134,2.5102041874180845e-05,6.960956535600221e-10,4.0,2.7448996149270353e-05,0.07060717586344001,3.0,7.540933008041306e-08,174.45248525193725,0.0006903392,6.673743346564384e-05,5.3300824e-05,-0.0005772227,0.0002659865488149766,7.074884415050192e-08,1.0228788489248184,364.00000811857103,0.01506849315068493,6.998904e-05,182.5,1563.2546318625073,0.9993562486743118,0.0027397260273972603,1.854532383362322,-6.8198450000000695e-06,0.0,0.7694187903457435,0.00030797284,0.15000753535834344,0.18904109589041096,0.24071034419267476,0.44931506849315067,27.507813349917633,-1.1716109952849232,0.000201157903345273,0.00014357405286736266,-9.216604120879142e-07,0.000155374396,8.873553800000002e-05,-1.2565270800000006e-06,0.12602739726027398,18.11062011737752,1.056733067163142,67.0,15.0,1.023776042994257,0.0012675618999999998,66.0,0.34794520547945207,0.00027423116011147085,0.07257328722264568,3.0373626195303984e-07,0.1655114998054135,-0.12245949059442074,-22.99758022823786,0.8176077349622268,2.3399315681646136,59.0,0.44931506849315067,0.0027397260273972603,0.707984841607581,-0.021861964625300195,0.1416564452892373,0.15157404114632356,1.1725969949905916e-07,0.05226095524372001,4.976307858694254e-06,0.0004257763021849482,2.156166442506757,0.00042573757934529107,1.9538348459564165e-07,82.0,0.32330812226522654,10.719592316499998,3.0,0.0008882091271022707,189.97438608810347,0.040631242,0.029454509972602745,0.02944053,0.018558145,0.004267027034461179,1.820751971282257e-05,0.943511811976054,364.00170989229184,0.01506849315068493,0.029506267000000003,182.5,90.42709803527237,1.0000000000000002,0.0027397260273972603,1.9117448875966558,0.030698348349999998,0.0,0.7904538165464434,0.005589788999999998,-0.05280524421991695,0.18082191780821918,0.8849631178533124,0.3698630136986301,37.6450184324701,0.0732985870886391,0.00342518672321261,0.002265481568681319,1.067342582417583e-05,0.0028298629999999984,0.0016497635,-9.377499999999907e-05,0.0,11.415728274611121,1.3857672083935078,68.0,15.0,1.0242848364525325,0.022073096999999996,69.0,0.25753424657534246,0.029761983761822344,0.09456029776244505,1.0475665591661927e-05,0.07864291991625556,-5.771968600755522,-1340.5420471895363,0.748403518727441,4.804629129923699,63.0,0.3698630136986301,0.0,1.6436659292744429,-0.04452350339178386,0.12183862909634686,0.464182611301426,2.5828239251421447e-05,0.8246352910000001,0.0018383734619216992,0.009138324419004898,2.134033943929294,0.00892754906716822,8.952253304311217e-05,0.0
20,A.Choiril Anwar El-Asfihani Risydan,"Banyu Ajuh, Perumnas, Kamal",8.525882681e-07,0.01583858,5.0,2.335858268767123e-09,164.76357674513966,8.26e-05,4.3221721311475405e-05,4.125e-05,-1.07e-05,2.147926789308423e-05,4.6135894922287914e-10,1.0857578678208355,365.0000000283032,0.015027322404371584,4.3950000000000004e-05,182.5,14204.54545454546,0.9086660199728371,0.00273224043715847,1.8309451503781755,4.0615e-05,0.0,0.8494377316509583,3.1549999999999994e-05,-0.7309266249335202,0.16393442622950818,0.6555292036100336,0.39617486338797814,53.9117211499174,-2.3109004793930876,1.7837745229776942e-05,8.963287671232877e-06,-2.9041095890410903e-08,1.595e-05,6.799999999999999e-06,0.0,0.05737704918032787,2.9737359927169753,1.1694700863552618,60.0,14.0,1.022004842982733,9.33e-05,57.0,0.1912568306010929,4.826464692038808e-05,0.1819937093709633,-3.333784712385059e-08,0.10938738887363794,-1.7621871699122198,-3.3693424878680847,0.6882098661390702,3.557558809138649,56.0,0.39617486338797814,0.0,1.259608751257713,-0.036284993423441964,0.1302001190704937,0.30150510655313945,7.621517529792333e-10,0.0032716,1.4862682424309135e-06,3.496856033074068e-05,2.1286569894313354,3.492947900988436e-05,1.3387882582434774e-09,4.0,3.5228507882445e-05,0.0779512015,2.0,9.651645995190411e-08,184.064635252877,0.000816862,4.031830327868852e-05,2.29e-05,-0.000653619,0.00030761532503745617,9.462718819789982e-08,0.8921400412900101,365.00001565366983,0.015027322404371584,3.742200000000001e-05,182.5,1130.0098988867142,0.9930531767823857,0.00819672131147541,1.9129210132482073,8.097449999999978e-06,0.0,0.745472522772763,0.00040054,-0.007015252375586201,0.1994535519125683,0.17320033596033826,0.45081967213114754,28.70356240410456,-1.0046090923972093,0.00024246095256651442,0.00021184754246575345,8.090493150684968e-07,0.000195398,0.00015180199999999993,0.0,0.15027322404371585,25.856162726134,1.0341831822773289,76.0,19.0,1.0275678387985863,0.001470481,78.0,0.26229508196721313,0.00031024627923179374,0.13960559460457853,4.711568390657248e-07,0.18438430993229737,-0.043918807955533774,-22.00361778812745,0.8613927669249177,2.119134001181918,50.0,0.45081967213114754,0.00819672131147541,0.553896894489285,-0.0169320864146504,0.1410965966586212,0.1535478241660223,1.778471235967328e-07,0.07732435300000001,6.291117206723041e-06,0.00045714082320382995,2.176718981042223,0.0004570763228574901,2.1723041027275837e-07,114.0,0.3085825238072499,10.4724902455,3.0,0.0008454315720746572,183.36035394739582,0.037696589,0.028700843852459017,0.02890727,0.020132462,0.004402636926132996,1.93832119033498e-05,1.078723685001153,365.00184816505396,0.015027322404371584,0.0285607785,182.5,105.48238359808013,0.9725189410414768,0.00273224043715847,1.8792660360975675,0.029792731850000004,0.0,0.7720743108124924,0.005826149000000003,-0.537669126673626,0.1912568306010929,0.8617608112428123,0.37158469945355194,32.79721895263325,0.10216838726045063,0.0035467649509988352,0.002325434956164384,2.44874712328767e-05,0.0030019409999999993,0.0018785979999999987,-8.864700000000073e-05,0.00819672131147541,4.233221614561319,1.265136089527966,62.0,11.0,1.0230247909981374,0.017564127000000002,59.0,0.2349726775956284,0.029036557126260413,0.11135465387339794,1.5643419036610422e-06,0.08223289610658731,-5.296552447964257,-1351.906123610007,0.7902396975195066,4.662056626782495,60.0,0.37158469945355194,0.0,1.605118301245146,-0.04329219273207219,0.12340830949383569,0.7040415021808735,3.425098884254271e-05,0.8487837590000001,0.0016722380100731543,0.009701632698285985,2.133016149941989,0.009534640894885633,0.0001014056608229944,0.0
21,Mochammad Zaenal Abidin,"Widang, Tuban",3.98930734378148e-07,0.011463475070937191,4.0,1.0929609161045152e-09,200.94878300127286,5.897436240047682e-05,3.140218952064175e-05,3.107820592712963e-05,1.062830961018335e-05,1.0192015374939247e-05,1.0387717740299799e-10,0.8576697130899653,365.0000000145726,0.015027322404371584,3.124035399461415e-05,182.5,33297.99337511083,0.9993583051330966,0.00273224043715847,1.893494632441658,2.7549428086786065e-05,0.0,0.7812065697959502,1.4906824789509947e-05,-0.308613293193845,0.18579234972677597,0.7301304949684853,0.43169398907103823,67.16742087446829,-2.5676345304034727,8.317524402546862e-06,6.169646766092727e-06,-2.05839373370404e-08,7.43445863254598e-06,3.7726520531577962e-06,4.458128159966855e-08,0.07103825136612021,32.17026877177387,1.1760000990993538,77.0,16.0,1.0274009172126632,4.8346052790293466e-05,78.0,0.33879781420765026,3.301476463786014e-05,0.26098864234770924,2.70136545997435e-08,0.13313408096072052,-2.461607806924677,-1.6250592023388981,0.7317699502642362,2.4457426269834475,62.0,0.43169398907103823,0.0,0.8794898227455409,-0.030157174877821144,0.15138097444267945,0.3722248765578501,1.4646268798153467e-10,0.0022519210696238454,2.032054343134938e-06,1.4689590248216583e-05,2.1521825077145085,1.4524269418877223e-05,2.2825571374212778e-10,0.0,3.7224351510313227e-06,0.0259647803063763,2.0,1.0198452468578967e-08,185.47530779619802,0.0002596506442387,2.473771098214893e-05,2.4869556215081604e-05,-0.0002011674841014,9.776826427686821e-05,9.558633499711544e-09,0.8897249053351461,365.00000160333445,0.015027322404371584,2.5996373520369003e-05,182.5,4072.0807437060084,0.9993583051330966,0.00273224043715847,1.8937027378712832,6.200673651645007e-06,0.0,0.7639131678605728,0.00011718014742601528,-0.2723360401183941,0.1994535519125683,0.24002474900567802,0.4644808743169399,34.24564451044884,-1.5386486752420754,7.668007631657417e-05,6.96573400659367e-05,-1.8100117140669636e-07,5.871638351335429e-05,5.4233686036943915e-05,-1.1715457557805902e-06,0.16393442622950818,35.77837414630935,1.068912344669678,86.0,14.0,1.0303901148455488,0.0004608181283401,87.0,0.4016393442622951,0.00010084933239416053,0.04208588262835028,2.014530382343154e-07,0.1895152012807455,-0.12280356315862835,-6.316883344351449,0.8191183308639017,2.0332300445154217,60.0,0.4644808743169399,0.00273224043715847,0.4727261246726408,-0.01560806321827061,0.14767450782498703,0.18369565624863538,1.66660456513125e-08,0.025424929124066898,3.133062055450063e-06,0.00013958819513866207,2.1549470394625643,0.00013954887516312293,2.1104154564244077e-08,107.0,0.32084466426459257,10.744960280565527,3.0,0.0008790264774372399,184.8190426999274,0.0378966584801673,0.0294391476306504,0.0291686196855845,0.0211898256093263,0.0031561610432650454,9.961352531023899e-06,0.8306044993092944,365.0012779502923,0.015027322404371584,0.0293762572264919,182.5,101.64032221860376,0.9984744065485794,0.00273224043715847,1.9252775926581325,0.027037217114120653,0.0,0.7453845821146613,0.004265489673707622,-0.1774893106580122,0.1885245901639344,0.9053115034497358,0.39344262295081966,55.370786100471825,-0.048744915334087605,0.002548678845482244,0.0019135220422395413,1.7967771177422457e-05,0.0021833935636096004,0.001312008224963402,6.872406229379777e-05,0.0,12.016885708919418,1.2672388311413918,78.0,16.0,1.0275678387985863,0.016706832870841,78.0,0.38524590163934425,0.0296078497319588,0.22636874482908473,3.008771517945609e-06,0.07747977906173262,-7.70134859335251,-1195.4110896442012,0.7458646798221457,4.804561625753789,55.0,0.39344262295081966,0.0,1.703920093170419,-0.04451873151356466,0.1295368013565783,0.4741904590380812,1.3475077382687525e-05,0.6984355454174326,0.001767218306948436,0.007519000970803662,2.1470707392195094,0.007280090515566603,5.9521949299154294e-05,0.0
22,M. Fatihul Umam,"Kwanyar, Bangkalan",3.561887353084103e-07,0.010138825073113367,13.0,9.785404816165118e-10,173.03878573702173,6.520858126653668e-05,2.7826569052107614e-05,2.626646725426933e-05,-2.84717975773674e-06,1.4196534914494166e-05,2.015416035784519e-10,1.0730706318976109,364.0000000164631,0.01506849315068493,2.8933257453900296e-05,182.5,20724.83110804484,1.0000000000000002,0.0027397260273972603,1.7858371783496978,2.097233660075896e-05,0.0,0.8547101154800026,2.0581319939297198e-05,-0.5853691203036742,0.16164383561643836,0.6724273170625414,0.44931506849315067,81.8028437978365,-2.585730410832191,1.1713513311643021e-05,6.067764975058385e-06,3.932127633511348e-08,9.738892761864314e-06,3.667100372695128e-06,-2.5962253857869485e-07,0.057534246575342465,17.77195955519767,0.9416758977777193,57.0,16.0,1.0203594922114798,6.805576102427342e-05,57.0,0.2054794520547945,3.123875075591477e-05,0.36733273703265146,-9.612672053757366e-09,0.12841817881237338,-1.7138798827352875,-1.8816521312990686,0.6512081931744966,2.7038938322872377,55.0,0.44931506849315067,0.0,1.0321169073496,-0.031538555778672046,0.15308999214134283,0.2628194584504341,2.946177490494207e-10,0.0022086664509212523,1.0685550963057124e-06,1.8393364782221778e-05,2.126274175188151,1.8355120876543627e-05,3.696059653604153e-10,6.0,1.89232385571644e-05,0.0581756656589543,2.0,5.1986919113089015e-08,201.28742152585693,0.0006366936140693,3.2502847595211345e-05,3.626829129643738e-05,-0.0005919724353589,0.00022536205114418253,5.078805409591315e-08,0.9288288127953925,364.0000094961773,0.01506849315068493,2.248368400615e-05,182.5,1691.7807412822842,1.0000000000000002,0.005479452054794521,1.8805824051947024,8.379389182660993e-05,0.0,0.8242332694546476,0.0003138247746391,-0.13999681203900183,0.18904109589041096,0.1649177302898597,0.4547945205479452,27.385848260944847,-1.1843215580415747,0.00018207506063841805,0.00015119092432824382,-1.131167019783557e-06,0.0001610039616934626,8.247462574214343e-05,-4.341891326449996e-06,0.16712328767123288,28.275145149684004,1.3274828860823467,66.0,17.0,1.0232662962752737,0.0012286660494282,65.0,0.36712328767123287,0.00022769384971428342,-0.02012205439513259,1.166262802926969e-07,0.19328274289674768,-0.051048331507523755,-13.906635280211209,0.8669201229986357,1.9188391899867567,53.0,0.4547945205479452,0.010958904109589041,0.4056985330315923,-0.014617238134885226,0.14625401430295268,0.15400490966507896,8.342241394402574e-08,0.05503349645548075,1.1017954598003622e-06,0.0003278908603896288,2.154088204636775,0.00032788830836605977,1.1419063573529084e-07,103.0,0.29598508660282075,10.316484398197241,3.0,0.0008131458423154416,180.3546692298341,0.0353886224329471,0.028343492659568804,0.0283570569008588,0.0216007824055849,0.002750358039264943,7.5644693441493005e-06,0.9559052568848001,364.0008594594619,0.01506849315068493,0.028265262022614403,182.5,144.9862716028151,0.9993562486743118,0.0027397260273972603,1.8514424710013175,0.02918409442063411,0.0,0.7966835031047815,0.0035843086661770003,0.08212386066506827,0.1726027397260274,0.9457973995064753,0.3917808219178082,29.191501709496812,-0.19973674150993243,0.0021598279020846223,0.001347698284796266,2.8691556468442313e-05,0.0017796189834674014,0.0005723545327782995,-2.3843398825698983e-05,0.0,10.12119133778754,0.8481070475165012,50.0,16.0,1.0182886219781855,0.013787840027362202,51.0,0.23287671232876714,0.02847662278935443,0.24910292673012752,-2.215033009353225e-06,0.07205705066463186,-8.153516596870919,-1148.1563764765588,0.7981161479136734,5.362381114703722,50.0,0.3917808219178082,0.0,1.851907814178328,-0.04624156913600458,0.12688575359884252,0.5931237105187704,1.174502320566436e-05,0.49056217566584087,0.0016081649674932127,0.006700262752935857,2.122624094995534,0.006479872334900175,4.764035185614168e-05,0.0
24,Dedy Nurohim,"sambeng, lamongan",3.8896816107428905e-07,0.011076322321741777,4.0,1.0656661947240796e-09,196.62133103776353,6.369352898235542e-05,3.034740982216925e-05,2.8856314132169173e-05,4.660275473614597e-06,1.1907529363375371e-05,1.4178925553964669e-10,0.9366887128758149,365.00000001624386,0.015027322404371584,3.0183724160298823e-05,182.5,26348.355648999684,1.0000000000000002,0.00273224043715847,1.9323797204405264,2.5321914201673887e-05,0.0,0.7784990317480643,1.695307493601601e-05,-0.3294452872887117,0.18032786885245902,0.6878081777323045,0.42896174863387976,84.91688754270258,-2.4675651248906827,9.732954270496313e-06,6.92396464658862e-06,2.2519926713847702e-08,8.334317818163914e-06,5.056386847085609e-06,-4.935464360374167e-07,0.07650273224043716,21.182026172388337,1.203135232201037,74.0,16.0,1.026229611133446,5.903325350874083e-05,75.0,0.30327868852459017,3.259991623385468e-05,0.3191589001457563,2.3726600205078988e-08,0.13165087689845228,-2.0611788489475367,-1.7943641379882282,0.7241777176710188,2.5851287300057546,56.0,0.42896174863387976,0.0,0.9108546242466793,-0.03053991472749692,0.14583778555554303,0.3441239904910006,2.0062316345419218e-10,0.0025272470960048463,1.8281264967842262e-06,1.786442709184677e-05,2.1587128553361596,1.7747373764852488e-05,3.339608243871577e-10,0.0,1.0369251983907647e-05,0.04274741925161141,2.0,2.8408909544952458e-08,184.38486742159836,0.00048824140033525306,6.128814708934758e-05,5.368836633958077e-05,-0.0003415981312131357,0.00015676432183335802,2.4575052599872654e-08,0.7511109036569311,365.00000389983734,0.015027322404371584,6.129005423507032e-05,182.5,2471.780826046589,1.0000000000000002,0.00273224043715847,1.9333449380798113,3.1829657983639263e-05,0.0,0.6879732367571371,0.00018141607731783692,0.13260306538982958,0.1994535519125683,0.26370248418933845,0.44808743169398907,25.841151430424006,-1.2990548292066388,0.00011884271986184477,0.0001091102275017136,-9.846240579740089e-07,8.875923357914593e-05,8.490508291305201e-05,-4.972564056515992e-07,0.15300546448087432,38.73974690634762,1.6307993795543887,84.0,19.0,1.0292315011315836,0.0008298395315483888,83.0,0.30601092896174864,0.00016831901132527532,0.05738385158938032,3.815929274382478e-07,0.17962481796878105,-0.22859625170818024,-12.176318328474132,0.8423479105615448,2.2626150773568585,58.0,0.44808743169398907,0.00273224043715847,0.5689882588931257,-0.01816027023978342,0.13980709581045903,0.19085694701708367,4.071642454455181e-08,0.03982523303812546,4.7584116676963756e-06,0.00021133458969310647,2.1876070801436516,0.00021127254944023772,4.583709501893198e-08,106.0,0.31208210985998663,10.588897734570455,2.0,0.0008550194790684565,185.18338267871087,0.03798571852079905,0.02902044236493879,0.02875805776727185,0.020212400249644984,0.0032399514219280195,1.0497285216453396e-05,0.7783619589297517,365.0015218602657,0.015027322404371584,0.02916367281586335,182.5,99.469116805398,1.0000000000000002,0.00273224043715847,1.9305769710274476,0.028210393471664312,0.0,0.7072667450211216,0.004405217347136,-0.24207682644004702,0.1994535519125683,0.8833817732357151,0.3989071038251366,40.19666799597748,0.0021662692236079214,0.0026211008421752314,0.002248345538156967,8.960529549481367e-06,0.0022166372388751493,0.0018441488345464045,4.797109535760111e-05,0.0,19.57073042259267,1.3580152982219322,88.0,12.0,1.0307202564885687,0.017773318271154068,88.0,0.35792349726775957,0.02920074246099211,0.10579266790387871,3.555543810892901e-06,0.08360901437073077,-6.957520252223249,-1188.7025802477274,0.7892813885126951,4.3886647981335924,60.0,0.3989071038251366,0.0,1.560279652329533,-0.042937086303393115,0.13062163967549723,0.5151192057379888,1.5739609797117345e-05,0.820646121427293,0.0017437542813818268,0.007279378089928273,2.1536018607571235,0.007039921879524658,5.566175180862465e-05,0.0
25,Marshella Aulia Putri,"Kec. Kalianget, Sumenep",1.1289442764185341e-07,0.005975562156702807,6.0,3.092998017585025e-10,187.88644847785181,3.057883895962732e-05,1.6374187529557996e-05,1.693865025724032e-05,7.728081179436685e-07,6.351433151643821e-06,4.034070307980016e-11,1.0107284835195391,365.00000000487205,0.015027322404371584,1.638666809330144e-05,182.5,52454.060498125895,0.9993583051330969,0.00273224043715847,1.765639324442292,1.7166125080869678e-05,0.0,0.841165126199045,9.568606363548802e-06,-0.5741950332622228,0.17759562841530055,0.7064071204069419,0.4371584699453552,65.16409279994542,-2.890659597034365,5.210662804735214e-06,3.3346030173064506e-06,-1.186021956079322e-08,4.739403100491776e-06,1.7713039284217302e-06,1.0725050907982667e-08,0.06830601092896176,30.53345792907027,0.5719566351102771,56.0,13.0,1.0201248908291878,2.980603084168365e-05,56.0,0.32786885245901637,1.7562879044534038e-05,-0.3831648671050312,6.174972215212486e-09,0.1316018536320716,-2.0800817986493723,-0.9650460724121325,0.7485821465207716,2.4950080504443064,59.0,0.4371584699453552,0.0,0.889777970532419,-0.030552565149702792,0.14835848318356473,0.5045868864639698,6.928729932503416e-11,0.0012171301013168545,8.022660957277457e-07,9.117379774809212e-06,2.1250335523674337,9.076928932410947e-06,9.177990359772394e-11,0.0,6.937963354388166e-06,0.03488548331300072,3.0,1.900811877914566e-08,175.28522579075025,0.0003278202784713,-6.212609532346978e-06,4.007869695972962e-06,-0.0003303490884718,0.0001375412211345441,1.891758751118156e-08,1.1146952644353287,365.0000025271331,0.015027322404371584,-8.4705620793e-06,182.5,3409.769467196475,1.0000000000000002,0.00273224043715847,1.8844231190856824,3.164406334690495e-05,0.0,0.7929158882510732,0.00016706566523223102,-0.2886103110766163,0.19398907103825136,0.2347176946969098,0.4562841530054645,34.623432189265976,-1.401524526953022,0.00010799995984896163,8.464822630343975e-05,-1.7353595467284307e-07,8.714910018170485e-05,4.828477987446549e-05,1.075593439359997e-05,0.14207650273224043,20.72774740144812,1.316247263152789,74.0,19.0,1.026061871834679,0.0006581693669430999,74.0,0.2786885245901639,0.00013768145854973707,-0.16723385641751284,1.954783064585368e-07,0.18008940120487277,0.04143755151212776,-9.574021717495546,0.8002115974594862,2.096217887543781,64.0,0.4562841530054645,0.00546448087431694,0.6116339000058957,-0.018040384835969377,0.14757038319575158,0.20959701561127708,3.1365513130051054e-08,0.03089660260075551,2.733716743161649e-06,0.00020988163343626116,2.1643380947674227,0.0002098605358946041,4.670398521964457e-08,110.0,0.28673432631306606,10.159920196980215,4.0,0.0007855734967481262,180.1544225971581,0.0352353882044553,0.027836647581899365,0.0275157204208274,0.021211814135313,0.0029237257865756317,8.548172475087296e-06,1.1361914764636825,365.0010741591952,0.015027322404371584,0.02794904401525845,182.5,98.68767060612315,1.0000000000000002,0.00273224043715847,1.8411849620041518,0.027522422466427034,0.0,0.8542571169210769,0.0042181981843896,-0.5024250033379181,0.18032786885245902,0.9147125580073495,0.41530054644808745,33.78313799545822,-0.12149278767815783,0.0023882233125383694,0.001643627274730433,6.653256204030427e-06,0.0020206589251757015,0.0009692516177893934,0.00011652625269359743,0.0,13.385885284883377,1.1715057657383825,63.0,14.0,1.0223452523657828,0.0140235740691423,63.0,0.4098360655737705,0.027989768149699827,0.18046506198853754,-3.0526685352253335e-06,0.07801851113819265,-7.6515853832204765,-1130.6225029775292,0.784058061735196,4.874370332581174,66.0,0.41530054644808745,0.0,1.7447744571605774,-0.04437971204941586,0.133531048976793,0.6471540368256419,1.3904695403000548e-05,0.599923955276608,0.0016135286351618506,0.007597424434848722,2.099996401320733,0.007407068088979658,6.35208582952743e-05,0.0
26,Robbaniyah Umdatun Ni'mah,"Cerme, Gresik",2.532076171997653e-06,0.02555529134129402,4.0,6.975416451784168e-09,184.94690386043283,0.00022029659845501642,6.995721790136005e-05,6.01866331377281e-05,-1.465168957636643e-05,4.541190244060915e-05,2.062240883275403e-09,1.1122418195405794,363.0000001382766,0.015109890109890112,6.751042188551105e-05,181.5,7510.974197143326,1.0,0.0027472527472527475,1.857760201269757,4.408538243147928e-05,0.0,0.8199358882841487,5.732831714169559e-05,0.6354783070470229,0.17582417582417584,0.5939784303162319,0.39010989010989017,67.77719805458968,-1.9737896842195881,3.5614736251029715e-05,1.897575451328905e-05,-7.325124549535293e-08,2.6637649494309093e-05,1.232503499084891e-05,1.0959567899309197e-06,0.06868131868131869,2.518008088613223,0.8428685914401438,55.0,13.0,1.0197324064333153,0.00023494828803138286,55.0,0.18956043956043958,8.340415589030185e-05,0.9243995760143584,2.9948140793779036e-08,0.11258865455432757,-1.3056609082238393,-6.5632545845706165,0.7211161995758077,3.6001683535432076,58.0,0.39010989010989017,0.0,1.199422954312847,-0.03565055576780096,0.12456580212094116,0.28792574935406645,3.3187937903264704e-09,0.006888198888323925,5.0009891992002025e-06,7.39020874686668e-05,2.1408449415340827,7.36941356603559e-05,5.876113168356154e-09,4.0,3.6476784724488116e-05,0.08593186049228052,2.0,1.0048701026029785e-07,182.7506847012755,0.0008173773077235,0.00017987458791598953,0.00016613949793319879,-0.0005246203222718888,0.0002604919953997627,6.785607966734999e-08,0.9507046409463366,363.00000881235616,0.015109890109890112,0.00018824702556693488,181.5,1351.3732882294148,0.999354179816642,0.005494505494505495,1.8744560144548585,0.00021347837422557513,0.0,0.7499514280740127,0.00033610399374467995,-0.1599511601653547,0.19230769230769232,0.3605181928699275,0.46153846153846156,17.81607722485294,-1.1293513534170374,0.00020540169987226672,0.00015184728048638077,-7.435593744402471e-07,0.0001706169653257369,9.742618122506654e-05,-1.434219703058217e-05,0.1263736263736264,20.280371463494763,1.1262695740336341,56.0,15.0,1.0202505305253453,0.001341997629995389,56.0,0.22252747252747254,0.00031656112687014653,0.05487032518907282,3.496496520472659e-07,0.1610248850859301,-0.481425567464071,-25.103523387270254,0.8215764149611837,2.5917055397929007,53.0,0.46153846153846156,0.0,0.8024696349687538,-0.023084064026173495,0.1432266027835522,0.3667284953511285,1.2453203161263635e-07,0.05512056281655622,1.4560840933522767e-05,0.0003999503172458626,2.1633476139455348,0.0003996290606043626,1.6883419826487964e-07,73.0,0.34731439165799327,11.090673131621148,16.0,0.0009567889577355187,166.44803702560327,0.0433563115997077,0.030548292410819113,0.02970541294401905,0.020051174445176508,0.00457845469846866,2.0962247425929748e-05,1.0091550634966975,363.0013551536322,0.015109890109890112,0.030489301048933798,181.5,79.44273019249059,1.0,0.0027472527472527475,1.8612243193966542,0.028207972449262424,0.0,0.7838044565997326,0.005396098344191382,0.16496701115230428,0.16758241758241757,0.9229213340434389,0.35714285714285715,34.61143016614007,-0.006507987014336416,0.003581320505085771,0.001958719416524567,-8.50338034632892e-06,0.002524433784197075,0.0014053539796623112,-0.00010228387162510011,0.0,17.415895129429497,0.9761431764400337,66.0,13.0,1.0233386034338785,0.023305137154531193,65.0,0.24725274725274726,0.03088948715409239,0.6601555472622174,-1.9756905212831317e-05,0.07217221613375044,-6.244841098466321,-1384.1061185455121,0.6526129301487541,5.265719688884,56.0,0.35714285714285715,0.0,1.7797723939182755,-0.046136360176275704,0.11967354117919757,0.445756140587119,2.928128841282947e-05,0.7110151481984177,0.0017112600318816681,0.00789937323621721,2.137495799988614,0.007686065433796435,6.686541085317452e-05,0.0
27,Rachelia Andini Tendean,"Tikala, Manado",7.369958481451323e-08,0.003709643678005654,6.0,2.0191667072469378e-10,153.97017940423456,5.475417370289134e-05,8.736718724608805e-06,7.93790145463429e-06,-2.2270845667767863e-05,1.1181893031104942e-05,1.2503473175907325e-10,1.3149630464579745,365.0000000030592,0.015027322404371584,7.721783971636062e-06,182.5,64071.85656057798,0.9685224618311515,0.00273224043715847,1.7079309569190146,4.687911111962854e-06,0.0,0.9397295475919881,9.258155622794436e-06,4.866123095002747,0.17759562841530055,0.51727463898808,0.35792349726775957,14.875717670899018,-2.765586014968049,7.116052803831486e-06,2.924974370434983e-06,-1.3238893923898263e-08,4.6364804540745965e-06,2.0484345371744362e-06,0.0,0.04644808743169399,-28.231164273409604,1.047102723298996,43.0,16.0,1.0156284029090217,7.70250193706592e-05,43.0,0.13934426229508196,1.4190313098448652e-05,1.5018898809057843,-1.5611041577640656e-08,0.08782733401311152,-0.7522960214079515,-1.4699667200946673,0.656618704566165,6.112008813576101,60.0,0.35792349726775957,0.0,1.8816607845249662,-0.041848551645970296,0.1109660241120533,0.25230093483626415,2.2819486590161862e-10,0.0010676156452087688,5.317991736247517e-07,2.0751592802453845e-05,2.100697396882046,2.074408428910427e-05,5.075969383440835e-10,26.0,7.494296567944068e-06,0.03647641951610605,2.0,2.0532319364230322e-08,194.07269472684789,0.0004182168688882063,-1.2938502084758386e-05,-3.7961404560208025e-06,-0.0005005454298892022,0.00014250900075011904,2.0308815294797427e-08,0.9409721239911123,365.000002230331,0.015027322404371584,-1.8648148397887296e-05,182.5,3287.2867568225197,0.9974332205323865,0.00819672131147541,1.873136673173306,4.773834438372528e-06,0.0,0.7926896473958157,0.00017334535929297128,0.6730033757314082,0.1912568306010929,0.2089248155083979,0.41530054644808745,32.44530632407721,-1.3876524292716756,0.0001097271488488194,7.827873201161284e-05,2.174042156309017e-07,8.602643052420323e-05,5.4103092679724796e-05,-3.741293675330287e-06,0.1284153005464481,12.061024125149453,0.8584941662161881,58.0,13.0,1.0209810373074868,0.0009187622987774085,59.0,0.226775956284153,0.00014309514363176242,-0.04575871581047776,6.625663074145e-08,0.15909628870767017,-0.018076335553001498,-12.667871060378193,0.802665167244377,2.7085845697174182,60.0,0.41530054644808745,0.00819672131147541,0.8162176558441208,-0.023457643948055974,0.1282458784887114,0.21946215209259523,3.8108760864473895e-08,0.028571737184238687,7.206161715793262e-07,0.00023162788631208648,2.161828612020354,0.00023162645032988167,5.660765702389298e-08,89.0,0.24315410277737134,9.244254811113112,3.0,0.0006661756240475928,189.15404322529662,0.04047977977831634,0.025339777788537594,0.02531903973492767,0.007443233187315463,0.004717110736124149,2.225113369685771e-05,1.079755001350299,365.0015423130409,0.015027322404371584,0.0250608911737799,182.5,86.41901634097513,0.9993583051330966,0.00546448087431694,1.852497469045386,0.025613333812365947,0.0,0.8155733136709412,0.006086628660885378,1.0760494783504129,0.17759562841530055,0.8637780302819582,0.34972677595628415,24.515038255384287,0.0767034392548037,0.0036551272876810164,0.0021832748751280857,1.2051747882203018e-05,0.0030526679488174415,0.0016148508737096959,0.0001172764100011714,0.01366120218579235,2.6730131042845815,1.2231555202701447,65.0,13.0,1.0230247909981374,0.03303654659100088,64.0,0.23224043715846995,0.025775094026391457,0.028979574756316524,8.171145887164283e-06,0.07706150690203276,-4.727436331593555,-1304.2237883875964,0.7492942366339784,5.279934106948562,55.0,0.34972677595628415,0.0,1.7380571886603382,-0.044626666374046546,0.11618366993161315,0.7159193710950591,3.9063264530218885e-05,0.7968953294217512,0.0015577136795307121,0.010217171741930894,2.1307819397872816,0.01008223521595425,0.00011370912436636725,0.0
28,Nurhabibatul Umah,"Kerek, Tuban",7.731552841e-07,0.01577334,8.0,2.1182336550684933e-09,194.08037612414725,8.87e-05,4.3203797814207656e-05,4.31e-05,8.79e-06,1.5680496989886235e-05,2.4587798584983125e-10,0.9761592130316361,365.00000002430306,0.015027322404371584,4.345e-05,182.5,21929.824561403497,0.9260227125940319,0.00273224043715847,1.8452991231695366,3.6758500000000004e-05,0.0,0.8134672303728836,2.2774999999999998e-05,-0.3921173078891278,0.1721311475409836,0.7235441019482467,0.4426229508196721,107.78279463243378,-2.469334666714039,1.2977097255815344e-05,7.303890410958904e-06,4.684931506849312e-08,1.14e-05,4.2000000000000004e-06,2.0000000000000486e-07,0.0546448087431694,21.74244523015763,0.962310652851442,56.0,13.0,1.0218344776473585,7.991e-05,58.0,0.1912568306010929,4.596135476050249e-05,0.21143144139810277,2.5959482356137457e-08,0.12355226845815284,-2.3169355080593936,-2.504378551174441,0.6880375743903905,2.8155925593992097,56.0,0.4426229508196721,0.0,1.0567494834768545,-0.032629755401397925,0.14894323988313732,0.3037637094673684,3.2127661155767275e-10,0.00266592,2.7910369221792973e-06,2.30419914404533e-05,2.137329748458909,2.2840154088788493e-05,5.692291979141388e-10,0.0,4.6129944446e-06,0.028718890999999996,2.0,1.263834094410959e-08,209.8771678222608,0.000308636,3.317025136612022e-05,2.3049999999999998e-05,-0.000254808,0.00010725457744185979,1.1503544382231898e-08,0.8822993223165754,365.000002198035,0.015027322404371584,3.36375e-05,182.5,2957.6348385722904,0.9914157630126421,0.00273224043715847,1.916902950392549,-1.2581999999999942e-06,0.0,0.8098459859383907,0.0001472405,-0.23651554805547592,0.1994535519125683,0.22526062523023307,0.453551912568306,20.389435405555417,-1.4715319602694141,8.546172277464241e-05,7.476128219178083e-05,-9.252054794520402e-08,7.475e-05,4.4000000000000006e-05,-2.0000000000000486e-07,0.1721311475409836,36.22606650450218,1.3268599749498857,72.0,16.0,1.0253898832529524,0.000563444,71.0,0.3989071038251366,0.0001122666912219448,0.22395980107035993,2.3213195696377114e-07,0.194577196473943,-0.16411465809053688,-6.615149321854483,0.846369600433666,1.9067909479753098,57.0,0.453551912568306,0.00273224043715847,0.40564147155832025,-0.014301818630225768,0.14892659926112656,0.20976980408300872,1.8992705439409818e-08,0.027287868000000003,8.060650434721347e-07,0.000152759069294539,2.1602259990469617,0.00015275608666867905,2.4645743389799336e-08,93.0,0.3255515951091362,10.822535522,3.0,0.0008919221783811952,185.17218331305426,0.038546169,0.0296543116284153,0.029504957999999998,0.021616321,0.0031791562376606575,1.0107034383456667e-05,1.0429057376937667,365.00129843385764,0.015027322404371584,0.0296272215,182.5,108.45888171951574,0.9984744065485794,0.00273224043715847,1.9013181713618355,0.0292347526,0.0,0.742720336224836,0.004622983499999997,-0.39290376339556987,0.1885245901639344,0.905428415376834,0.39344262295081966,22.07591179718938,-0.04400201253339172,0.002590665869001762,0.0019299196383561644,2.0961610958904112e-05,0.0023178,0.0011636320000000012,-0.00014627500000000127,0.0,12.119794725442022,1.2525633567602954,75.0,16.0,1.0265647814982015,0.016929847999999997,75.0,0.3360655737704918,0.029824239010218242,0.19021635543547294,3.4650714662558058e-06,0.07795474989068076,-7.553301743717118,-1210.9976970006983,0.7763393295244347,4.628717003525991,59.0,0.39344262295081966,0.0,1.674682332508607,-0.04439616559812751,0.13028806863226555,0.5541029283634754,1.4621403648494547e-05,0.704420668,0.0018149951188500446,0.008006484374967069,2.1441130995022304,0.007772417998362464,6.864058548823508e-05,0.0
29,Fahdimas akmal,"Kwanyar, Bangkalan",4.147546237990497e-07,0.0105200426325296,7.0,1.1363140378056158e-09,152.2937054538121,9.28002313086079e-05,2.8712452940887364e-05,2.4904015219817666e-05,-7.501233308441114e-06,1.757283132450604e-05,3.088044007595408e-10,1.2807576036068673,365.0000000111956,0.0150273224043715,2.6991370976334328e-05,182.5,24005.26881097379,0.9993583051330968,0.0027322404371584,1.761303259599104,1.7574132845821134e-05,0.0,0.8642572984166236,1.790868314376428e-05,2.6701591898151937,0.1693989071038251,0.6411214537932005,0.3825136612021858,51.10537320714113,-2.509812088443064,1.2726079595518856e-05,6.135183476463652e-06,1.587389317792407e-08,8.424298300422452e-06,4.965491949439895e-06,-3.112113931406776e-07,0.040983606557377,-7.167063090336266,1.1247930608529348,74.0,16.0,1.026229611133446,0.000100301464617,74.0,0.1639344262295081,3.366317505290035e-05,1.487889877305681,-2.958688445517828e-08,0.0949461643648734,-1.6310608806359208,-2.586106269581299,0.6304091469217786,4.4870261301559005,55.0,0.3825136612021858,0.0,1.5362023092954562,-0.0400115420745872,0.1227700059554263,0.3104165768018442,5.185397839344646e-10,0.0022393419689092,1.039284347677579e-06,3.0360865975873405e-05,2.113200124875928,3.0340121141266903e-05,1.0661201796807552e-09,4.0,8.643045664517328e-06,0.037467767262871,2.0,2.3679577163061173e-08,182.6067634230264,0.0003476951442962,3.273448179341497e-05,3.936419348065101e-05,-0.0006589191369952,0.0001501443724104,2.254333256651802e-08,1.1066735100396974,365.0000032916336,0.0150273224043715,3.4963560849213456e-05,182.5,3038.4451159597443,0.9993583051330968,0.0027322404371584,1.9402940097815893,-4.619854155801242e-06,0.0,0.719079568765926,0.000170728092322,2.955711869654672,0.2021857923497267,0.2074795884997089,0.4508196721311475,20.148853326222216,-1.3103284764091196,0.0001104407392302,0.0001044471054142,2.9718755347125736e-07,8.542168482424513e-05,8.481040007950469e-05,-2.27712585870824e-06,0.1393442622950819,24.960251955619217,1.0873249708830215,88.0,17.0,1.0310500045206188,0.0010066142812914,89.0,0.4016393442622951,0.0001536713339071,-0.8817985850953753,3.450492799356807e-07,0.1763367541067453,-0.098360782984423,-11.95552054134707,0.8520707891291109,2.287915251692552,53.0,0.4508196721311475,0.0027322404371584,0.6605366282355605,-0.019008752994311,0.1419173324477877,0.1339826774475733,4.082116927082612e-08,0.0381231934761832,3.1862423436626043e-06,0.0002248554880228,2.1789412474141723,0.0002248257172767,5.272113935498962e-08,112.0,0.2936462752502612,10.280194377392691,2.0,0.0008045103431514,183.3917389397804,0.0376324298572361,0.0281662748507464,0.0280451084202864,0.0198497844584202,0.0029955280823148,8.97318849193702e-06,0.9367488026975724,365.0011794451855,0.0150273224043715,0.0281865360680967,182.5,117.43633744724453,0.9993583051330968,0.0027322404371584,1.939033333147401,0.0260737103480058,0.0,0.7373619309761996,0.0041074211680736,-0.0684250923865077,0.1939890710382513,0.9127430784680248,0.3715846994535519,15.460037300082874,0.0036738768090975,0.0024116109651349,0.0019455343989785,2.0570065571020555e-05,0.0020460620238224,0.0014763293645592,-1.6692726823898385e-05,0.0,6.497557558337616,1.2865086868218047,75.0,18.0,1.0267322129005043,0.0177826453988159,76.0,0.2650273224043715,0.0283251165480343,0.1881129025969082,1.3676968373884374e-06,0.0771765668944118,-7.3172374668834035,-1173.2897040945018,0.8267019551768278,4.996246143693064,53.0,0.3715846994535519,0.0,1.6958675686295543,-0.0445969752173762,0.1235464490701475,0.765087454636295,1.6132827023507898e-05,0.7101200556271754,0.0016592245056817,0.0075453377842522,2.1546966599102086,0.0073318607845689,5.9385070779828336e-05,0.0
30,Muhammad izzul Millah Aqil,"Wonokromo, Surabaya",8.405341448457878e-07,0.01574714289227234,7.0,2.3155210601812337e-09,177.58613243518218,0.00012524416595317898,4.3323516778519525e-05,4.0788902987183836e-05,1.8059022431273354e-06,2.0790205206506893e-05,4.322326325286663e-10,1.244182865931938,363.00000002139393,0.015109890109890112,4.182998321588344e-05,181.5,23643.330045582214,1.0,0.0027472527472527475,1.7761141665248612,3.266546817064024e-05,0.0,0.8505408304728793,2.0077970475540496e-05,3.6314112283685525,0.16483516483516483,0.6683077149737868,0.3928571428571429,59.65250618090161,-2.418344013813555,1.4449099560920435e-05,7.694261275420181e-06,-2.7066637489613654e-08,9.813718059954998e-06,5.7405105023120365e-06,-1.0264353441595187e-07,0.04395604395604396,1.0107547303317157,1.3943836882305634,58.0,14.0,1.0207676618853716,0.00012343826371005165,58.0,0.12912087912087913,4.805371721924673e-05,1.5428046581919173,-9.886198377117372e-09,0.1006570191998275,-1.895872578138875,-3.35931444627783,0.6827953592937814,3.902298708194578,63.0,0.3928571428571429,0.0,1.3784524068970667,-0.03874614754901124,0.12766462002074758,0.36208966459590897,7.378387556064611e-10,0.0027930168429775256,1.9067931576491264e-06,3.7665542053910607e-05,2.100590577037945,3.7612542244391964e-05,1.6732626846257268e-09,0.0,5.8798766101272815e-05,0.09729451312277942,6.0,1.619800719043328e-07,181.3921139960464,0.0013300512685294923,4.9387390468449905e-05,4.4965307097299956e-05,-0.0011767263676900849,0.00039886834591066554,1.5909595736951033e-07,1.2302178379349182,363.0000116586867,0.015109890109890112,6.045771765492933e-05,181.5,1157.2829325368634,1.0,0.013736263736263738,1.7691188792210284,-4.8676431391275234e-05,0.0,0.8617636779833018,0.00039596802889718674,1.5398147651059455,0.19505494505494506,0.26096111292525753,0.4450549450549451,82.04447530586562,-1.0755225586815205,0.00028757615938264163,0.00018348434789755574,3.287957741663414e-07,0.00020060900804263416,0.00012322477365691166,-2.575284435851606e-06,0.10164835164835166,8.261591200928404,0.9476369079142034,65.0,16.0,1.0233386034338785,0.002506777636219577,66.0,0.14285714285714288,0.00040191425914838283,0.02281516354179974,2.1293098559688053e-08,0.1528085619553317,-0.04290060946144401,-34.57503335716706,0.7264499557732179,2.533815204492015,51.0,0.4450549450549451,0.008241758241758242,0.8683501310058663,-0.02521574016269369,0.14152946132530345,0.0981358027188658,3.1669337342251006e-07,0.06660481828681274,7.114405885836805e-06,0.0007116959257630423,2.1126463279899474,0.0007116545038005591,5.81703600754743e-07,96.0,0.3252208609906434,10.562820004160564,5.0,0.0008959252368888247,181.83513118411685,0.04724826597297907,0.0289737016882268,0.029382900445986807,-0.007416134448599361,0.00734768768403314,5.39885143020923e-05,1.3058571821488671,363.00254694817295,0.015109890109890112,0.029312871800212283,181.5,80.51478115060428,1.0,0.0027472527472527475,1.8184756886687485,0.028115725825426624,0.0,0.7644666868398079,0.006224975345614593,6.540546845818453,0.1978021978021978,0.8116531392861255,0.34890109890109894,24.501106575526013,0.19180728486743776,0.004732424726762226,0.0029187452614910614,3.263460005282039e-05,0.0031089072710931837,0.002336781471967704,0.00014581972831981434,0.024725274725274728,-11.778734166563842,1.1552066585328002,65.0,19.0,1.0229972155216307,0.054664400421578434,64.0,0.18131868131868134,0.02989086656188557,-1.5639679788259424,5.6379561978743975e-06,0.07768906304276926,-3.678368708330077,-1693.549442912244,0.7164451419989339,5.391393322791518,57.0,0.34890109890109894,0.0,1.770918455001905,-0.04470504707942406,0.11454973481855979,0.7121867994983926,0.00010235302426128606,1.0595045299212553,0.0017698238025065402,0.015718551460454117,2.1142398800380287,0.015605829625376409,0.00028260690362135106,2.0
31,Riska Nana Nuril Fadilah,"Asemrowo, Surabaya",1.2303605413437681e-06,0.019691450893550632,3.0,3.3708507982021044e-09,178.47268476816188,0.0001062561436506,5.3887955774006e-05,5.276935735309962e-05,9.12726154504256e-07,2.139460319431988e-05,4.5772904584240235e-10,1.0652433232939233,365.00000003555124,0.015027322404371584,5.400191184889991e-05,182.5,17255.673357057552,1.0000000000000002,0.00819672131147541,1.8666862491840548,4.831726402774734e-05,0.0,0.8201124189455972,2.7927342892472288e-05,-0.24028917766306046,0.1830601092896175,0.7159236144127067,0.412568306010929,35.49453700073751,-2.2271009706868425,1.7195505513491998e-05,1.0162983067867549e-05,2.1200784966859915e-08,1.3778239008388482e-05,7.1092000567416695e-06,1.6749554463990927e-07,0.05737704918032787,0.6416853278683033,1.2059765328726366,56.0,15.0,1.0199533347767953,0.00010534341749609574,56.0,0.180327868852459,5.797965870323513e-05,0.13205807222758117,-8.466255112889833e-09,0.10892428115609659,-2.1386692902657933,-3.7293183594210455,0.7573424931157391,3.719943923282446,50.0,0.412568306010929,0.0,1.3146758333899249,-0.0364044980706477,0.13120442248745046,0.7326338383340204,7.977333726931475e-10,0.0037094888197716554,2.6299730329380363e-06,3.783023749531189e-05,2.145259131731566,3.7711343893775576e-05,1.5292989967110256e-09,0.0,4.025563088467808e-05,0.09218024531050614,3.0,1.1028939968404955e-07,174.55294525542666,0.0008019102567541,0.00025251205877959223,0.00020940585818605,0.0,0.0002150016806849067,4.622572269733458e-08,1.0573458733689196,365.00000342599594,0.015027322404371584,0.00024219037368310828,182.5,1397.6476475060363,0.9181411068440857,0.00546448087431694,1.8033052093950903,4.0095512837705e-05,0.0,0.8153188846868694,0.0003041594849493473,-0.15626584499616403,0.1721311475409836,0.5152996017936281,0.40710382513661203,33.10113578782188,-1.309862203064434,0.0001732890644080964,8.797295579271715e-05,9.73043932215716e-07,0.00014427603099993996,4.7630527400299976e-05,0.0,0.08469945355191257,10.15359920473937,1.0124799298711942,37.0,13.0,1.018921695562343,0.0008019102567541,48.0,0.2185792349726776,0.00033164448212874407,0.8322335793696266,-1.8988071020712613e-08,0.12481504659153178,-0.960679948599005,-28.156714280290455,0.7498869834285239,3.216038485803397,56.0,0.40710382513661203,0.0,1.0920950709033703,-0.03230389632021107,0.13015327971876509,0.45079744915883657,8.841571769255748e-08,0.03211012886434176,1.5210104263961026e-05,0.0003685015385521496,2.140040402118416,0.00036812113688381993,1.4796334022218834e-07,24.0,0.32509165507298377,10.783599393661314,3.0,0.0008906620686931062,183.55753095006494,0.0388433501132838,0.02954231616922658,0.02963142376393075,0.0196181276475046,0.003934478508091463,1.548012113063362e-05,1.0774734740074148,365.0013310041842,0.015027322404371584,0.0294346190243095,182.5,113.285752378908,0.9987166102661934,0.00273224043715847,1.8310473343016354,0.03019200000368316,0.0,0.8428277301708405,0.004920312962382448,-0.21839061006002458,0.1885245901639344,0.8945385340943225,0.3524590163934426,32.24474180518004,-0.001899337008176062,0.003103980770590391,0.001949059272015449,2.7644093314262467e-05,0.00252425319818075,0.0014713648706675027,3.460955006969954e-05,0.0,6.9154747293507235,1.0178141590139402,65.0,16.0,1.0233639230973226,0.019225222465779197,65.0,0.22131147540983606,0.029803163687319837,0.07542617978231027,1.9193466340498987e-06,0.07331637926912277,-6.192747986349708,-1355.8421214027237,0.7897025018254262,5.2858918628137825,61.0,0.3524590163934426,0.0,1.7649038447202205,-0.045593094139248704,0.11744757979472087,0.6665015340099207,2.7620990398350188e-05,0.7114066342856389,0.0017245146404144035,0.009297342382589953,2.1080591811844895,0.00911820210429465,9.687607290800019e-05,0.0
32,Alifah Sayyidaturrhohma,"Kota Sumenep, Sumenep",1.5545941691101378e-07,0.006052618948768848,6.0,4.270863101950928e-10,162.86054931769226,5.962029578431727e-05,1.5610881223894526e-05,1.471418818255188e-05,-3.263233415369984e-05,1.3498762836962638e-05,1.8221659812856362e-10,1.1960246243306214,364.0000000099887,0.01506849315068493,1.4959284990387206e-05,182.5,35905.101169117836,1.0000000000000002,0.0027397260273972603,1.749391920333945,1.8106612312209568e-05,0.0,0.8348877337495518,1.4076846764428512e-05,2.16146315966778,0.1863013698630137,0.5140128946535691,0.410958904109589,62.39931932677467,-2.6015156103713526,9.619730358680332e-06,5.203045299627855e-06,-6.816792092949681e-09,6.985230900437979e-06,3.1528608826695373e-06,2.1290018619963332e-08,0.06301369863013699,4.835212032771721,0.9199212268610703,60.0,15.0,1.021388991508965,9.225262993801711e-05,60.0,0.13972602739726028,2.0637737538671875e-05,0.4894161918758902,-3.5778747198180245e-09,0.11791450948307156,-1.0026627318126928,-1.7351024882069688,0.697629988221862,3.1696608690688883,54.0,0.410958904109589,0.0,1.1660630226079614,-0.034278663997316994,0.13418252122987204,0.3604333052540286,3.409056253742365e-10,0.001893908489064539,6.865653833686641e-07,2.392587974141757e-05,2.108106837267855,2.3915068572124504e-05,6.795822857873967e-10,28.0,2.1437628073945847e-05,0.05473251929915397,5.0,5.889458262073035e-08,124.50070462714018,0.0007581789220575,-4.3961371005045695e-06,-1.562319425829628e-06,-0.0009778334518116,0.00024230951607075857,5.871390157844521e-08,1.187892682324436,364.0000045590203,0.01506849315068493,2.6148840913999954e-06,182.5,2088.9485673969893,1.0000000000000002,0.010958904109589041,1.8268989829890483,-2.3026646183595123e-05,0.0,0.7950605358442953,0.0002335088504604,3.7078636232731474,0.19452054794520549,0.2446388544664816,0.4383561643835616,20.949524020233177,-1.2579921924921975,0.00016571604808393202,0.00011366880496587766,3.7948872317068793e-07,0.00011768551087237038,7.784694151684505e-05,3.327143428639063e-06,0.09863013698630137,3.623569877510981,1.1417882781735094,68.0,14.0,1.0241153442569633,0.0017360123738691,68.0,0.20821917808219179,0.0002423493915813523,-0.5938318395871873,2.1350733580423682e-07,0.15496228177818847,0.0494124645803177,-20.686755092578768,0.7553352351223266,2.4596824854942034,58.0,0.4383561643835616,0.010958904109589041,0.8461459801915814,-0.024613955202158762,0.14073300974289243,0.11700961875351634,1.2345713209956353e-07,0.04137544500757947,8.725932122064723e-07,0.0004694092828521384,2.142153682277802,0.0004694083429515624,2.526828625393705e-07,106.0,0.28260412602069995,10.052370190457152,3.0,0.0007763849615953296,181.03151338352262,0.0374856775272673,0.02762313979339694,0.0273892190307378,0.0179988294617803,0.003349630944330663,1.1220027463217528e-05,0.9989209127987164,364.000873302645,0.01506849315068493,0.02745900432365445,182.5,113.42221801569734,1.0000000000000002,0.005479452054794521,1.8484286519076072,0.02676791109124945,0.0,0.8021457907190056,0.0042698383331299,0.3225001603835813,0.1780821917808219,0.911422747223797,0.3424657534246575,44.9869418743018,-0.069274988833031,0.0026261032796965947,0.0016244980205875285,2.3959526935448907e-05,0.0021428670734166995,0.001120010856145201,-3.8777370854397794e-05,0.0,0.5322385911122494,1.206053453524977,64.0,17.0,1.022755591507579,0.019486848065487002,64.0,0.19452054794520549,0.027825489744275247,0.28950337553569905,-1.0437775442170487e-06,0.06690390846715975,-6.940555293880621,-1233.6385901710391,0.7826819705029634,6.111736260125806,54.0,0.3424657534246575,0.0,1.9607379002182241,-0.04758587719107146,0.11456292451670921,0.7383740528672733,1.8836008962107986e-05,0.5913172794938604,0.0015858362029295924,0.007918726375236109,2.133270440590525,0.007732918000446902,6.646098839027224e-05,0.0
33,Lailatul Hasanah,"Socah, Bangkalan",3.850098949383799e-07,0.010564450697606925,3.0,1.08453491531938e-09,173.95641474534838,6.952163743174395e-05,2.86602147102928e-05,2.9523061820961804e-05,-3.273698285307785e-05,1.6127013415011154e-05,2.6008056168794973e-10,1.2115316035871027,355.00000001599415,0.01544943820224719,2.8756468433736394e-05,177.5,25546.435325427734,0.9984241569562494,0.0028089887640449437,1.8247261080733297,3.373112033205632e-05,0.0,0.851336887216192,1.912888636968984e-05,1.197989932673523,0.17696629213483145,0.6122333349730095,0.38764044943820225,19.18650210064751,-2.410559425641068,1.2061020867017836e-05,6.916038678282888e-06,5.0879640065017846e-08,9.630145091458377e-06,5.4844558915312895e-06,-8.981913647087783e-08,0.06179775280898876,-4.162349236402097,1.1474454767178393,54.0,16.0,1.020059965930269,0.00010225862028482179,54.0,0.15168539325842698,3.2885991986376716e-05,-0.5682974247048589,2.130568180824194e-09,0.10692264720915223,-1.5509889058311577,-2.387412720180439,0.7427458446072955,4.006015502904126,56.0,0.38764044943820225,0.0,1.345425713955114,-0.037940810125543255,0.12184700095044067,0.5462498455980545,5.176725689441761e-10,0.002455193730790425,1.2633846610531386e-06,2.894017088051348e-05,2.14213012435299,2.890732116755287e-05,9.056860941817194e-10,10.0,2.0977218634800954e-05,0.05372364715218539,2.0,5.909075671774917e-08,150.4854548710056,0.0010200480767413788,5.446691795063006e-05,3.586462061503771e-05,-0.0005048453341075518,0.00023655470042894817,5.5958126295029415e-08,1.0216364495529633,355.0000073171256,0.01544943820224719,4.183871868240019e-05,177.5,1945.3127384256984,1.0000000000000002,0.008426966292134831,1.9152926923602183,2.886735968957388e-05,0.0,0.7796329746248836,0.00023887658035918699,2.680622663566121,0.20224719101123595,0.1977675004036644,0.4550561797752809,24.071622955181066,-1.1485896887683764,0.00016982956398061877,0.00014946441359603384,6.23643453007885e-07,0.00012091733732814535,0.00011638682308088041,-2.156179603344892e-06,0.12640449438202248,17.075020462251057,1.171182072383406,74.0,13.0,1.0268881107863963,0.0015248934108489307,74.0,0.3202247191011236,0.00024274425110817782,0.9186849711285315,-4.787842628035553e-08,0.17116977356700025,-0.1283605487375257,-18.473046490156374,0.841378290300141,2.3759315596831416,64.0,0.4550561797752809,0.008426966292134831,0.7245728060424668,-0.02090395576174892,0.13950820023244073,0.2207475997961218,1.0979517866312696e-07,0.053059866826592014,7.226243790760972e-07,0.0003895158714777317,2.1642399377418533,0.00038951487800969293,1.599477621360604e-07,109.0,0.29675221059135826,10.163083565493473,3.0,0.0008359217199756571,177.1684439134483,0.04157684209892928,0.02863542465181958,0.02846485562622545,0.0203304110715786,0.0036859300409242115,1.3586080266587561e-05,1.0298455928624128,355.00146820145926,0.01544943820224719,0.02849522947023305,177.5,103.29120878023141,0.9993371691578262,0.0028089887640449437,1.8787628694413843,0.027766661931151335,0.0,0.7753360214414169,0.0047126880998285756,0.7136080557405582,0.19101123595505617,0.8722227156281064,0.37640449438202245,18.183192948898842,0.0071469843518988645,0.0028541665211982395,0.0020950552768125266,1.6907522096320552e-05,0.0023728240936842313,0.0014921538531780972,-7.618410839436984e-05,0.0,8.10868099397881,1.286057021439425,68.0,15.0,1.0249793907120583,0.021246431027350677,68.0,0.33988764044943814,0.028871675137695497,0.5069736949389662,3.147102909028834e-07,0.08023366843787784,-6.220810688424534,-1190.5235330283936,0.8092783196920295,4.654193499815373,60.0,0.37640449438202245,0.0,1.6359167608460359,-0.0450181110138663,0.12616657979728452,0.72785076224363,2.4907357828119854e-05,0.7437446232684469,0.0017578926406883373,0.00886612281576101,2.135066902214935,0.008667669677036732,8.516294429239314e-05,0.0
34,Magdalena Jovita Hatuopar,"Pilangkenceng, Madiun",1.8678738513528822e-07,0.007777551998533904,2.0,5.131521569650775e-10,160.90417455849334,4.730890949147767e-05,2.1293095325262472e-05,2.0814434926774643e-05,-7.703543632713557e-06,7.638740217726393e-06,5.835035211391067e-11,1.0908249069779796,364.00000000781705,0.01506849315068493,2.1187202562315912e-05,182.5,53915.666927261416,1.0000000000000002,0.0027397260273972603,1.9183476501457393,1.7052060273172496e-05,0.0,0.7534631553748902,8.91164920987709e-06,0.9869179543554534,0.19726027397260273,0.6779370878403096,0.4273972602739726,15.65649969421057,-2.6304339206480254,5.869281730274812e-06,4.703749958054523e-06,-1.523692551409184e-08,4.30083800031664e-06,3.4986393247179296e-06,-3.550778284207524e-08,0.07671232876712329,19.7748527852795,1.2905463787423948,70.0,18.0,1.0249617530852921,5.5012453124191226e-05,71.0,0.2904109589041096,2.2621809402535097e-05,0.2046700841522956,-1.9370930522881723e-08,0.12897101966575364,-2.096872134974556,-1.2677043071386547,0.8295453287014282,2.8246421292274473,58.0,0.4273972602739726,0.0,0.9833379346888164,-0.031394335343083474,0.14185479568548592,0.5651855093310733,1.0863705614219708e-10,0.0017121649847318464,1.4135905144609922e-06,1.2430270821821116e-05,2.161408534237454,1.2326449391930417e-05,1.6002922216016855e-10,2.0,7.417849229568073e-06,0.035523254736941096,2.0,2.0378706674637565e-08,149.29320202747675,0.0004667199104287,6.732314037733814e-05,4.7605838016796516e-05,-0.0002624557651713491,0.00012566013437558305,1.579046937128959e-08,0.8585445530158864,364.0000025949359,0.01506849315068493,5.8236698743310326e-05,182.5,2976.851636773877,0.9984695174334918,0.0027397260273972603,1.944283519584194,-7.244278711331914e-06,0.0,0.7451735595255293,0.00014426688732153704,0.8244092343688112,0.19452054794520549,0.2511717960034228,0.4410958904109589,22.901617343738035,-1.376966474441037,9.670730722751924e-05,8.004204245486535e-05,-9.749777429581693e-07,7.431101247994756e-05,5.3906636008090345e-05,-1.4995667348660072e-06,0.15342465753424658,26.074087221838383,1.3270863393503414,68.0,18.0,1.0242848364525325,0.0007291756756000491,68.0,0.25753424657534246,0.00014255832000117133,0.631953835999405,-3.158374699115312e-08,0.17495044141938237,-0.3563021781831672,-10.440643505563102,0.8502891213313216,2.3716773447635857,55.0,0.4410958904109589,0.0,0.5880314610919831,-0.019399613547701543,0.13541982073746872,0.294721490768756,3.07491870588221e-08,0.029135303453570988,3.3637422396230144e-06,0.00019466398502466638,2.173358115756048,0.00019462090302764317,3.957144216294515e-08,81.0,0.326217761952564,10.752083397178367,33.0,0.0008962026427268243,161.71842851009816,0.0418193240224824,0.02953144273233612,0.0284954815142669,0.017537029969762925,0.00465200850896423,2.1641183167475597e-05,0.8776584058689815,364.0014507304704,0.01506849315068493,0.029435747987709114,182.5,74.80793610986619,1.0000000000000002,0.0027397260273972603,1.844256220402902,0.02603583288821474,0.0,0.7991939079975234,0.005746539181608886,-0.0008168992892136906,0.16712328767123288,0.9120743128181027,0.3835616438356164,38.632506128435196,-0.06930955633143969,0.00370271128600582,0.0021084886269957673,-1.3645961976336541e-05,0.0027520958913112986,0.0016148616204592244,5.722638059773438e-05,0.0,20.106023554650605,1.0718930608406974,90.0,18.0,1.031475559527658,0.024282294052719477,90.0,0.2821917808219178,0.029895606583923387,0.7596494290418867,-2.5891173415970897e-05,0.07661946810111551,-6.400977618808645,-1290.2820363608796,0.5709825136128175,4.694210534428194,56.0,0.3835616438356164,0.0,1.6746374532511794,-0.04505136434921424,0.1277445327230162,0.36059229404253634,2.3926538188073084e-05,0.7674898602264594,0.0016763053717671712,0.006941276019080723,2.131354571589043,0.006712012280412772,5.2202455039293896e-05,0.0
35,Mohammad Aziz Huzaini,"Tanah Merah, Bangkalan",3.416984425363379e-07,0.010106602269389694,5.0,9.36160116537912e-10,152.89732209976648,6.1004267091080766e-05,2.7532071327665867e-05,2.5059800475902944e-05,-7.191774495171465e-06,1.3250937718522835e-05,1.7558735042017117e-10,1.0498465126029093,365.00000001014064,0.015027322404371584,2.736526942641595e-05,182.5,23012.230926647473,0.9987166102661934,0.00273224043715847,1.8175521744821708,2.3496444218642038e-05,0.0,0.8301647658376076,1.7728710722912126e-05,0.007728156176207701,0.1721311475409836,0.6994281537862697,0.3907103825136612,45.96468165084336,-2.5560899061519375,1.039490170682946e-05,5.262985987759249e-06,-2.9346351164258094e-08,8.316867550076272e-06,3.612610822585278e-06,-1.3850326827957003e-07,0.0546448087431694,1.2744461298720429,1.3310917141187615,57.0,13.0,1.0208100252350374,6.819604158625223e-05,58.0,0.17759562841530055,3.055490634925678e-05,0.36595910035231183,-3.643545808398985e-08,0.10535918437571248,-1.8510315469708265,-2.123765510152324,0.6814939528852048,3.7093647912702155,53.0,0.3907103825136612,0.0,1.2973059387034658,-0.037324468990709216,0.12783700009914942,0.30736611033926553,2.3693329307505137e-10,0.001920989885532126,1.0458571663366046e-06,1.9755502597612793e-05,2.1443682363137824,1.9720552558815453e-05,4.188918636729098e-10,4.0,1.6854389200065434e-05,0.06279354701962825,3.0,4.617640876730256e-08,158.3268931429286,0.0005253492134596,0.0001529115435478199,0.0001279095134426,-0.000218673370125,0.00015055996667723108,2.2668303565848934e-08,1.3818696276911202,365.0000012382668,0.015027322404371584,0.00015683817145887286,182.5,2065.8521988604016,0.9950237284964485,0.00546448087431694,1.8454890643279342,4.173453412960996e-05,0.0,0.7869771173680828,0.00019909750619489874,0.06502401196123708,0.18032786885245902,0.5141281344620525,0.33879781420765026,26.45464582235546,-1.4091560454453995,0.00011953365090348988,5.9804841958357206e-05,6.592545471348445e-08,9.296782854034998e-05,4.3742666230599974e-05,-2.3131704291000214e-06,0.06830601092896176,-18.26999652607867,1.1548740898072056,48.0,18.0,1.0171934384543417,0.0007440225835845999,47.0,0.17486338797814208,0.00021459320519537839,0.24486294124282504,-8.425771890626199e-08,0.10267447798594014,-0.859138844645951,-21.900967335579455,0.7628770008709779,4.942501624214887,63.0,0.33879781420765026,0.0,1.4855057450871427,-0.03801725573946833,0.10797158368519914,0.40521778257891516,4.132740277585548e-08,0.02182876731480038,8.311282045591e-06,0.0002695861931449532,2.147859115550363,0.000269400218728592,7.833642146776086e-08,22.0,0.295975018801702,10.31365047605263,2.0,0.0008108904624704164,177.5797874675963,0.0361147572596867,0.028259103494974236,0.02811994805522245,0.0203417820964198,0.0031777325908709624,1.0097984419083478e-05,1.1334263425697906,365.00116618743334,0.015027322404371584,0.02812656822303925,182.5,120.96391166074628,0.9993583051330966,0.00273224043715847,1.9284506477227505,0.027439620919889905,0.0,0.728576869594664,0.003962418026728424,-0.32780920914765677,0.19398907103825136,0.908801911332381,0.37158469945355194,26.470235335149237,-0.004027693727432234,0.002501243844958891,0.0017898692620284332,6.967941171502471e-06,0.0020190647144094007,0.0012171585112809996,3.7208678851399085e-05,0.0,10.231371128090474,1.3140655385845323,65.0,15.0,1.0230247909981374,0.0157729751632669,64.0,0.2459016393442623,0.02843721003823597,0.07165545627315202,-6.140470908681376e-06,0.07455125708520738,-7.267938253560047,-1197.074514573608,0.7838883167698036,5.0349557204451765,58.0,0.37158469945355194,0.0,1.7214172310388873,-0.045274434716907716,0.12109181477545497,0.6100601107907622,1.76361703973536e-05,0.6533022806403781,0.0016421225333403326,0.007459151777067454,2.1560565316339266,0.007247726717810581,5.858297688018334e-05,0.0
36,Alghifari Amar Mukhasyafah,"Sidoarjo, Wonoayu",7.039310896829897e-07,0.015701296429252148,22.0,1.9338766200082137e-09,195.8225112189605,6.321977499672877e-05,4.314233009516094e-05,4.295667423758897e-05,2.759780628283889e-05,8.204735331427374e-06,6.731768185877265e-11,1.4873708439139735,364.00000000046225,0.01506849315068493,4.258024111030474e-05,182.5,35643.30000605276,0.9057061865536807,0.008219178082191782,1.3477202474782022,4.006549533270034e-05,0.0,1.0380960675807165,1.325110710952329e-05,-0.599245531799435,0.11506849315068493,0.9278754605939467,0.32054794520547947,94.50817128619062,-3.482720852095118,6.847648692050302e-06,8.436061508145675e-07,9.333372981299602e-08,6.7146160883432414e-06,3.513928776965762e-07,0.0,0.0,-1.8538760030296402,0.8748343038309182,45.0,10.0,1.029154963806019,3.562196871388988e-05,50.0,0.03287671232876712,4.3915581834909146e-05,0.24938770991480733,2.781126575262098e-08,0.04943879912908882,-6.895316554919244,-2.106196844794096,0.47723762690120886,8.984297591592492,50.0,0.32054794520547947,0.0,2.581119396768826,-0.05214202686947744,0.10472757921863023,0.668934619813214,4.579755954980537e-11,0.0003070726388965026,2.562431237598538e-06,1.2804843240467181e-05,1.9979858156428651,1.2535727612381587e-05,1.9750174897077223e-10,0.0,1.5270049775819894e-05,0.06209458903838513,20.0,4.19506861973074e-08,214.2362989391374,0.0004383778420257,0.00017071263087872274,0.0001284095856135,1.302977757079913e-05,0.0001126629951178754,1.2692950468930417e-08,1.5519963425512222,364.00000011114435,0.01506849315068493,0.0001714247914706874,182.5,1848.2888831225655,0.9293766189176131,0.0027397260273972603,1.4049929438217732,7.683198723903425e-05,0.0,0.9559168118044786,0.00018320944178001073,-0.779516155112224,0.11232876712328767,0.7369257375283693,0.36712328767123287,138.22393172590017,-2.216564383565056,9.789338921176336e-05,1.4727126620161045e-05,1.0671227415853094e-06,7.08510399721632e-05,7.744287965350017e-06,0.0,0.016438356164383564,-0.6298263424793618,1.011820128442977,56.0,8.0,1.0329571736879755,0.0004253480644549008,55.0,0.021917808219178082,0.0002045379006699381,0.6340509472997317,3.295729247882034e-07,0.07720566575056105,-1.8571861172362887,-15.118345436098556,0.5011800173251619,5.387696062209987,57.0,0.36712328767123287,0.0,1.829380274247276,-0.044898442075422235,0.11991393038161939,0.23081301444640345,1.0344931301448726e-08,0.00536067408973862,1.0186432335266588e-05,0.0001314285028810051,2.002960874829432,0.00013102814584807826,2.254534447429729e-08,0.0,0.36665097797164314,11.412462160582148,46.0,0.001007282906515503,206.79759350730177,0.0430054185912012,0.031353042574440645,0.0303177426755427,0.025158090982586,0.004637881913641427,2.150994864488227e-05,1.7676937386527316,364.00001681644056,0.01506849315068493,0.0311720998336871,182.5,69.49796510389184,0.9493823543887047,0.0027397260273972603,1.159850892618016,0.02783519012387828,0.0,0.9975162864397251,0.0061150220994892965,0.25490870375351404,0.10684931506849316,0.9776605824340567,0.08767123287671233,51.89951348855425,-1.161461314823769,0.003621152671303984,0.00019418519934715612,1.4240386974298353e-05,0.0026591374047778005,0.00013929350763305232,0.0,0.0,-1.4206921045384016,0.5610760815713347,45.0,5.0,1.0264787077781499,0.017847327608615203,46.0,0.019178082191780823,0.03169421441398367,1.0706386829376902,3.385244100184571e-05,0.014897613633518065,-16.889585696958886,-1314.8611419280583,0.2657321659221869,33.81397721223039,55.0,0.08767123287671233,0.0,5.359455703320998,-0.06115283854784213,0.05883801739374687,0.29107792447097225,6.9547208733125665e-06,0.07068341256236482,0.0018219046968587305,0.006746229665539061,1.9502049221658195,0.006482207587180349,5.184388686055557e-05,0.0
37,Kurnia Maulinda Sari,"Labang, Bangkalan",2.716314452421901e-07,0.007312903797278412,3.0,1.0736420760560874e-09,113.23501724740962,7.062679695542674e-05,2.8507922219006405e-05,2.6438591655323303e-05,-1.582648275123416e-05,1.602228165723786e-05,2.5671350950386075e-10,0.9422029957526603,253.00000001970108,0.021653543307086614,2.9678316650461056e-05,126.5,18924.06200568516,1.0,0.003937007874015748,1.8364895717411394,2.3077493116763246e-05,0.0,0.7545308042799053,2.305794816948037e-05,-0.3040607550722698,0.20866141732283464,0.5735436117403564,0.42913385826771655,50.332595479062974,-2.543482743784344,1.3019103798646694e-05,9.465363783503636e-06,3.177104409684688e-08,1.0534426233077958e-05,7.584487493161873e-06,-6.856924431872865e-08,0.07874015748031496,19.101288598294733,1.4433705514769921,63.0,11.0,1.033793380402222,8.64532797066609e-05,63.0,0.25984251968503935,3.270191338054671e-05,0.19851722260546864,-2.916392851139825e-08,0.13107832092341454,-1.5248691611240808,-0.9675833726641354,0.7742076999483837,2.8682400323456503,41.0,0.42913385826771655,0.0,0.9818768361786556,-0.043904224542809185,0.14010231993885003,0.4573646268663454,4.747317431010852e-10,0.00239473703722642,1.7862415634208403e-06,2.5707809841803226e-05,2.1459800952864354,2.5630727618290652e-05,7.100611111128972e-10,6.0,1.2926913928066184e-05,0.03673721604582858,1.0,5.1094521454807053e-08,132.3337290020165,0.0005886498838663,5.953165384910107e-05,6.736883369740099e-05,-0.000458937822259,0.00021759904437177846,4.734934411151121e-08,0.6667133421758843,253.0000094009534,0.021653543307086614,4.5987429985000004e-05,126.5,2139.899709685828,1.0,0.003937007874015748,1.9741675819975177,0.00011723541610991512,0.0,0.67670398812709,0.00025868457169050366,-0.12046234798034261,0.2283464566929134,0.12927206243755754,0.46062992125984253,11.206122299241805,-1.2367002136154168,0.0001686133897054743,0.00021657572281679857,-2.0812119178637364e-06,0.0001312500817220739,0.0001720879317872,-2.080987542285584e-05,0.2125984251968504,49.03355550229559,1.2304466202208397,72.0,13.0,1.0383251512193579,0.0010475877061253002,72.0,0.40551181102362205,0.00022559557159111172,-0.18088080082820557,1.375633932720345e-07,0.21977805885324503,-0.16191807746968406,-3.279880747010563,0.8979616732763418,1.929805784662409,40.0,0.46062992125984253,0.007874015748031496,0.16886268287739495,-0.011157518969877572,0.1423390894902484,0.2267950112961934,8.528456896452624e-08,0.05479365787265004,4.473748389441103e-06,0.00025786679979227563,2.1835269144510026,0.0002578248162604077,6.769701160534444e-08,97.0,0.21258530088533398,7.265220332544363,2.0,0.0008402581062661422,125.03254973643554,0.0374665672832256,0.028723479690881133,0.0287673287093639,0.0202053869143128,0.0034513356737799266,1.191171793310594e-05,0.8894103227396672,253.00160758598727,0.021653543307086614,0.0286828338663847,126.5,123.41950837339915,1.0,0.003937007874015748,1.9596044098268444,0.02969903611721484,0.0,0.762689101724788,0.00448186102706025,-0.19409212260967523,0.2125984251968504,0.8401502543018634,0.41732283464566927,18.13525694566815,-0.07426169638623353,0.0027280415722521975,0.0028565594805707605,2.3666938597505524e-05,0.0022583117145089492,0.002534614875912701,-0.00021633598953479938,0.0,21.443926104838813,1.2932781594947045,70.0,11.0,1.0373237989034698,0.0172611803689128,70.0,0.42913385826771655,0.028930088203902297,0.09451238937555938,-4.067279461348596e-06,0.08899425748319234,-7.0207113596125295,-532.8434363591876,0.8277667168534456,3.993116652147819,40.0,0.41732283464566927,0.0,1.4701575672311744,-0.05944107354544937,0.137551838981823,0.5969345543072012,1.9073091408881947e-05,0.7227095485844024,0.0024544514225831853,0.008557223558275548,2.147130606658797,0.00815324923487463,7.536289824483157e-05,0.0
38,Deo Candra Saputra,"Widodaren, Ngawi",2.1960915211994033e-07,0.00863733452555631,2.0,6.016689099176447e-10,196.11674580770614,4.286910541692557e-05,2.366211619004456e-05,2.3285201747560652e-05,6.458131861702726e-06,6.3347662309684115e-06,4.012926320101773e-11,0.831174804038375,365.0000000080812,0.015027322404371584,2.3500000000000002e-05,182.5,57742.101306274984,0.8951075515557514,0.00273224043715847,1.9734656833922672,2.2843069961553e-05,0.0,0.6819696650074284,8.348191384138743e-06,-0.1274852014718184,0.20218579234972678,0.7664051757274185,0.4344262295081967,21.655287364924387,-2.6362354599199467,5.055349379235063e-06,5.111790907828673e-06,2.1369863013698612e-08,4.185201747560652e-06,4.099999999999998e-06,1.9999999999999809e-07,0.09016393442622951,38.77189687832727,1.3142700704895516,83.0,13.0,1.0302248960258216,3.641097355522284e-05,85.0,0.3442622950819672,2.4495407851109292e-05,0.24210757145466988,1.4966783689878863e-08,0.13635147203872783,-2.671073674996142,-1.1388784148986306,0.8738182606792223,2.4861734829204263,57.0,0.4344262295081967,0.0,0.8384680498386735,-0.02932692918953626,0.14785417916722002,0.6723272417580048,7.018875935883442e-11,0.0018658036813574655,1.4135126171890228e-06,9.392982724140703e-06,2.1837239966251287,9.258579634888118e-06,8.858278573683268e-11,0.0,3.0754896450026055e-06,0.02227262164346172,2.0,8.425999027404398e-09,197.85769588903335,0.000272,2.1705342371391488e-05,1.7152803653183363e-05,-0.000208,8.906096386565186e-05,7.931855284678945e-09,0.7173739106574709,365.0000017804318,0.015027322404371584,2.3749999999999998e-05,182.5,3863.987635239567,0.9807491539928984,0.00273224043715847,1.96733947133543,7.999999999999991e-06,0.0,0.6823871671585199,0.000119425,-0.11669568260415408,0.20218579234972678,0.13669496062201655,0.45901639344262296,11.348745561541492,-1.481351613671561,7.025972855823207e-05,7.636332585620949e-05,4.657534246575381e-08,6.0528287982207404e-05,6.24734782686776e-05,8.436542338371053e-07,0.1830601092896175,39.05422251179803,1.2159506766858494,94.0,16.0,1.0326928842411969,0.00047999999999999996,93.0,0.4153005464480874,9.16677542658173e-05,0.2567836101735767,1.3869040707931767e-07,0.20264866432949652,-0.12622442400237233,-4.845788404441819,0.883372014679003,1.9725410763408966,61.0,0.45901639344262296,0.00819672131147541,0.3749417315849188,-0.012218981566677509,0.14327284340713997,0.23320785912712716,1.3915734212211666e-08,0.027872613937516465,3.629239917302815e-06,0.00011258491452334302,2.1897836140165308,0.0001125028567355389,1.281408495737313e-08,124.0,0.322897264747946,10.775319800964262,4.0,0.0008846500404053315,186.5383807241476,0.037933614,0.029528130687060828,0.029168054,0.02035817277225277,0.0032128588391118094,1.0322461920058885e-05,0.9329380061127401,365.00132379471836,0.015027322404371584,0.0296005795,182.5,87.63879355735685,0.985241018061222,0.00273224043715847,1.905550739265294,0.02826712132473902,0.0,0.7709611474480842,0.005033060249999999,-0.4437680004660267,0.1885245901639344,0.8983358365694976,0.3907103825136612,32.31239722959734,-0.05229736533109165,0.0026431135998462173,0.0021174294284794877,1.8364632876712322e-05,0.002428683000000001,0.0017975050000000013,-2.124154382315835e-05,0.0,14.428481868862258,1.1038951971739925,98.0,16.0,1.0343261093714786,0.017575441227747228,99.0,0.36885245901639346,0.02970240670033663,0.24310727340917201,5.194547998272217e-06,0.07986474378274104,-7.434688900950353,-1200.247477651987,0.7576452456906514,4.421007912369991,57.0,0.3907103825136612,0.0,1.6132583409408576,-0.04390329290870749,0.1316663472473282,0.5050938981926669,1.45252542360539e-05,0.772861741395013,0.001806164008966912,0.007631106859402346,2.1445062946763938,0.0073891430014296055,6.215947692302504e-05,0.0
39,Rifqi Fairurrafi,"Bangkalan, Bangkalan",3.5611441990821167e-07,0.010020423102338152,4.0,9.91962172446272e-10,191.3237958076679,7.036224452206328e-05,2.632426369155174e-05,2.6886256995593934e-05,-2.7422525947468113e-05,1.7211620001176692e-05,2.962398630649056e-10,1.3239782803929157,359.0000000133661,0.015277777777777779,2.7176198257496254e-05,180.0,24361.119023335734,1.0,0.002777777777777778,1.8156770990571598,2.6359097810774152e-05,0.0,0.8606642334786659,1.9480106815741063e-05,0.8876161076983053,0.17777777777777778,0.6122712713126661,0.33611111111111114,48.567774597690274,-2.406187722880159,1.2829019185765673e-05,6.227734766632188e-06,2.7511664978351688e-08,9.623903245378781e-06,4.719855496659878e-06,-2.8181330679701076e-07,0.05555555555555556,-18.559524840350512,1.1006592605780825,41.0,13.0,1.0152149077980732,9.77847704695314e-05,42.0,0.10833333333333334,3.145165690336925e-05,-0.30943764113246597,2.702202052295029e-08,0.09302007669356703,-1.4272156044742417,-2.5947146957615495,0.710770255003406,5.076785669387213,53.0,0.33611111111111114,0.0,1.5540241850499814,-0.04117256199889442,0.10886013217094298,0.49181127767727606,5.28850025025603e-10,0.0022357567812209553,1.1531977778849276e-06,3.282476913138492e-05,2.1211801175030733,3.280281345700221e-05,1.2006850586321924e-09,10.0,3.203745881519138e-05,0.07751269239773281,3.0,8.850126744528005e-08,202.24439736466383,0.0010311508176748148,9.750531213200626e-05,9.020102858274548e-05,-0.0006611991107871679,0.00028062461831928205,7.875017640684273e-08,1.1046135110294701,362.00000576052736,0.015151515151515152,8.970603134195183e-05,181.0,1736.3586791910127,1.0,0.0027548209366391185,1.870779930133397,0.00010035835702072439,0.0,0.826177980922872,0.00031859808586881555,0.30782195270814317,0.1928374655647383,0.27704399662330514,0.3939393939393939,22.159722857598005,-1.10480960994564,0.0002169311168662894,0.00013173035416952434,2.125743575564354e-07,0.00016576538495055452,9.70954099289108e-05,-1.8175552187543203e-06,0.0881542699724518,-3.3461519673445856,1.2499691789909662,50.0,15.0,1.0180545925577107,0.0016923499284619828,50.0,0.22038567493112948,0.00029708157516211383,0.38722240271179753,2.3498409956818292e-07,0.1329604767726487,-0.2308582862889745,-30.74352032629431,0.7868767920020366,3.3837768923362916,64.0,0.3939393939393939,0.0027548209366391185,1.1134321490262657,-0.030518478948384904,0.12166003803254695,0.1517352567105127,1.4978130271092473e-07,0.04768638820936781,2.0233272350340634e-06,0.000517269925252377,2.143982227347093,0.000517264292936834,2.8974522277127066e-07,74.0,0.30406985848550616,10.38070237580039,3.0,0.0008376580123567662,180.35857074740915,0.03925357783191838,0.028607797188216235,0.028532265685498652,0.016026550096653838,0.004117122067530696,1.6950694118948234e-05,1.1904397390961725,363.0016320290222,0.015109890109890112,0.028665913268923753,181.5,90.18232834529188,1.0,0.0027472527472527475,1.9027461547718505,0.028801415351049336,0.0,0.7892788026391591,0.005119521467028151,0.28896745863295914,0.18956043956043955,0.8784448129224206,0.3763736263736264,27.73255407758252,0.0973671653611193,0.00320032098024272,0.00220225028332407,2.5873044223496428e-05,0.0026247063677453525,0.0015344648293535643,4.990139514877631e-05,0.0,1.8527785112303736,1.187787586954004,57.0,16.0,1.0202505305253453,0.02322702773526454,56.0,0.21153846153846154,0.028902538886420703,-0.15244211520949216,-1.0087149465784057e-06,0.07937381659223328,-5.744971946264305,-1301.4045955348536,0.7897729606530568,5.059360259594735,60.0,0.3763736263736264,0.0,1.7036940520798565,-0.04426794779788101,0.12190545959059162,0.7444821101874175,3.139924993222108e-05,0.7994168528466374,0.001710154453967339,0.009757597227299025,2.1352358066992636,0.009582378074609875,0.00010257242017591119,0.0
40,Fathan Ruhul Alam,"Warudoyong, Kota Sukabumi",5.330091044825335e-07,0.012649826527645387,29.0,1.4602989163905029e-09,213.86076121410628,6.888131611049175e-05,3.466947864356228e-05,3.652301352283189e-05,2.9569671653462137e-06,1.594792397851147e-05,2.5433627922438117e-10,1.255332515985903,365.000000005753,0.015027322404371584,3.424366059334716e-05,182.5,32739.118615472053,0.9967915256654832,0.00546448087431694,1.5595646605305737,3.921535908517626e-05,0.0,0.9399374457791743,1.6685669455303767e-05,-0.3665476856979413,0.1284153005464481,0.7920450053740294,0.3743169398907104,61.584879715872944,-2.9065456253442994,1.2321647518539494e-05,2.539117249408642e-06,1.0052092264929456e-07,8.101763686497794e-06,9.382256885638086e-07,2.4997562933189773e-08,0.01912568306010929,9.196054693082758,0.8168559370747199,22.0,11.0,1.0083795418602632,6.592434894514554e-05,22.0,0.11475409836065574,3.816161721731407e-05,-0.3060586493020776,7.742972875590186e-08,0.08360954236548718,-2.4990523398054623,-2.4701122702884786,0.4948407657223581,4.715684900654611,57.0,0.3743169398907104,0.0,1.6225244152657818,-0.04293695005468747,0.12270151437221628,0.33037447036145173,2.1180245379582255e-10,0.0009267777960341542,1.5426064110148738e-06,1.7834664309975555e-05,2.0510778336828617,1.776289075281459e-05,3.7020647478595453e-10,0.0,1.2391128939004958e-05,0.049975254541417824,5.0,3.394829846302728e-08,162.16026347760956,0.0004879311183887,2.2579333861366763e-05,2.307273734913906e-05,-0.0004397374856732,0.00018260809738774127,3.3345717231570806e-08,1.248793009284871,365.0000027733263,0.015027322404371584,1.5829929907350002e-05,182.5,2144.8556301267035,0.9911280921816754,0.00546448087431694,1.784548070704976,-2.2286613845345048e-05,0.0,0.8809487949641661,0.00024226631458634999,-0.300522805268423,0.1721311475409836,0.23721629580835304,0.4562841530054645,39.85952937566482,-1.389597944263426,0.000145819206476513,7.56866059509258e-05,-2.737573670120026e-07,0.00012037233059695258,3.5155972727807236e-05,4.8071933633764274e-06,0.09836065573770492,6.846476313944382,0.9754594724233553,38.0,12.0,1.013878622778532,0.0009276686040619,37.0,0.2459016393442623,0.00018399875964036788,-0.011570244832499901,8.741859223940804e-08,0.1562580872241139,-0.025967255654212217,-15.940651301988002,0.7581429337244889,2.4386460312365226,55.0,0.4562841530054645,0.00546448087431694,0.8575111135998315,-0.024190040006562386,0.14697288557440577,0.12389315556282698,6.648523801931623e-08,0.027625611172087915,6.465527724748048e-07,0.0003423713674216139,2.0880156565823795,0.00034237052858152186,1.3693869442699064e-07,66.0,0.2933008008846327,10.24481995357198,5.0,0.0008035638380400896,190.38230398134175,0.037859309464693,0.028070169291077265,0.0279939056684573,0.019468592479825,0.003665229105829687,1.3433904398221088e-05,1.0868815902387874,365.0010204734863,0.015027322404371584,0.027764181420206903,182.5,95.95289635334413,0.9993583051330969,0.00273224043715847,1.8715455797246188,0.0277444151230156,0.0,0.8024069041305473,0.005192149853841827,-0.2798007263098157,0.1721311475409836,0.8959520722600417,0.3770491803278688,63.5746973038993,-0.05445970358464704,0.002936969923584854,0.0016830490264174054,3.0010428330669587e-05,0.0026072319597005515,0.0011772895231842995,3.483767310800273e-06,0.0,4.526727595645638,1.1043070113830278,57.0,15.0,1.0206389047348732,0.018390716984868,58.0,0.2814207650273224,0.028308449417584817,0.13884260870606902,9.52466330405525e-06,0.07381550658672976,-6.914684562577903,-1218.143369774696,0.6664760074417733,5.269654364513172,59.0,0.3770491803278688,0.0,1.80691951375746,-0.04546429465752544,0.12468059757151576,0.39798755936110575,1.6379397490191624e-05,0.614312894642353,0.001803231771237375,0.00833734097891178,2.1320562724537377,0.008114372343289386,7.485103515774696e-05,0.0
41,Laila Maghfiroh,"Kamal, Bangkalan",1.128906991184609e-06,0.017019918570060168,5.0,3.092895866259203e-09,165.6527228998055,0.0001274726421003,4.6011523501631886e-05,4.0645892636352714e-05,-3.703685888467592e-05,3.110281395893731e-05,9.673850361642654e-10,1.0662722200433292,365.0000000745842,0.015027322404371584,4.477097495096545e-05,182.5,11978.500369232415,1.0000000000000002,0.00273224043715847,1.8164031387210884,3.699241655856324e-05,0.0,0.8094068245407405,3.711964075935215e-05,0.19383818411797726,0.16939890710382513,0.5632039713938114,0.43169398907103823,42.61822393733317,-2.173369629395068,2.4211843286610594e-05,1.4009920792199349e-05,-7.597171831660737e-08,1.7806136452240666e-05,9.44339899433964e-06,4.3392208571146337e-07,0.06830601092896176,12.505468888073276,1.0030974909899615,75.0,15.0,1.0263972476318286,0.0001645095009849759,75.0,0.20491803278688525,5.5537782914926385e-05,0.7295117202904504,-3.124446720668714e-08,0.12608518036581662,-1.1968559121726265,-4.210063436191353,0.7339014960965052,3.018073846666557,62.0,0.43169398907103823,0.0,1.07989162740564,-0.0319761391206424,0.1404162103030282,0.2893126643752758,1.6665412360743766e-09,0.005113621089152762,1.458427381357219e-06,4.855099188556918e-05,2.13873139289406,4.8524855742157756e-05,2.599609662318681e-09,8.0,2.600204154921877e-05,0.06625123407001718,2.0,7.123846999785964e-08,198.91062086197712,0.0007377922302111,5.150926722220956e-05,4.28860107466595e-05,-0.000601090402845,0.00026151601243457577,6.83906247596812e-08,0.8843664957994658,365.0000134757219,0.015027322404371584,4.991108659550001e-05,182.5,1407.9067506268107,0.9993583051330969,0.00273224043715847,1.9536966705225276,1.4067820302449434e-06,0.0,0.7228738339910001,0.00033927796602185254,0.0009277921320065552,0.20218579234972678,0.11268276236213128,0.4644808743169399,24.831927378934523,-1.0316140472274649,0.00020632248046206295,0.00019866348261670386,5.074580557238376e-07,0.0001723181955618595,0.0001428714931535,-1.0061291595753461e-05,0.16666666666666666,28.273130683996204,1.155335867236705,79.0,18.0,1.0280679954227607,0.0013388826330561,80.0,0.33060109289617484,0.0002665404835469655,0.12425200183371667,3.7234122871318784e-07,0.19612151987198362,-0.09567630562509005,-15.831568921531744,0.8667199922495216,2.008875409351378,58.0,0.4644808743169399,0.01092896174863388,0.4489941413195584,-0.013903306975455235,0.14401853554906385,0.18591286144835373,1.2521765788774466e-07,0.07251217115509691,7.245949344421224e-06,0.0003700725125440835,2.182635843897576,0.0003699603661630073,1.4074591230655439e-07,120.0,0.30914556874774207,10.509738923241326,2.0,0.000846974160952718,183.76087334979044,0.0396603574710232,0.028811552974565783,0.02873737231961315,0.0184929344270911,0.0038150280594937205,1.4554439094724424e-05,0.8073091762399502,365.00251783778776,0.015027322404371584,0.02874820167198775,182.5,100.41968322811206,1.0000000000000002,0.00273224043715847,1.9496853230937354,0.030135017101253755,0.0,0.7231573971421021,0.0050476184838704995,-0.18840478779989667,0.19672131147540983,0.8599943376160623,0.4180327868852459,12.15055396701985,0.13719686830992625,0.0030775510981288887,0.002800657641799657,2.43600815126411e-06,0.0025097619605255004,0.002263801544904801,-0.00017605346034879968,0.00819672131147541,23.138722022516916,1.0876454334153307,74.0,15.0,1.026061871834679,0.0211674230439321,74.0,0.33333333333333337,0.02906303535250464,0.18742090900295522,1.8068541141690784e-06,0.09773770521010862,-5.539658998557144,-1207.5364817285401,0.8618840494527498,3.7063660428927188,62.0,0.4180327868852459,0.0,1.3513201972566256,-0.03929118676364295,0.13723832504143257,0.8106018192803345,2.7668051693996197e-05,1.022240039256875,0.0016627593272395284,0.008029569239094111,2.166901872453484,0.007822413955542607,6.57197730399894e-05,0.0
42,Dewi Geizya,"Banyuajuh kamal, Bangkalan",9.65646900857543e-07,0.015911713988913136,5.0,2.645607947554912e-09,167.82224817162444,0.00015615392330129427,4.359339274279335e-05,3.6071299746254226e-05,-6.81973688188009e-07,2.7166074793983504e-05,7.379956197123059e-10,1.3499484569030333,365.0000000375243,0.015027322404371584,4.263455760624282e-05,182.5,11422.346296279751,0.9878160855150226,0.00273224043715847,1.8090772151115295,2.284341086023433e-05,0.0,0.9290242783249064,3.248094986146799e-05,3.05019045245035,0.16666666666666666,0.5782948979976646,0.4098360655737705,73.04564929616257,-2.233626271629059,2.0491356884187405e-05,1.054217860838832e-05,-7.284318985200597e-08,1.3966195375139733e-05,7.829407422832446e-06,-9.11590179639946e-09,0.05191256830601093,-4.045534214708996,1.214534413671573,68.0,15.0,1.0242099061273877,0.00015683589698948228,67.0,0.19672131147540983,5.13651585273494e-05,1.5314489035658965,-2.498198369968782e-08,0.10808516104490165,-1.4612268528100998,-3.976655735175342,0.6828808085465441,3.898559853246299,63.0,0.4098360655737705,0.0,1.3543068967933385,-0.0366210324730195,0.12888101397123122,0.5554144340220051,1.437779029990628e-09,0.003847895192061737,1.9046781335547502e-06,5.439640875937012e-05,2.09374132822028,5.4359334357544357e-05,3.4797000582404038e-09,2.0,2.3398097861861527e-05,0.06277139510400069,2.0,6.410437770373021e-08,175.6205677361485,0.0007268053410152497,5.862175402323752e-05,5.796097692028184e-05,-0.000658636010823789,0.00024595267651726877,6.049271908600824e-08,0.8998812162368549,365.00001249683123,0.015027322404371584,5.182936798417809e-05,182.5,1636.1185903346457,1.0000000000000002,0.01092896174863388,1.9533146902582297,0.0001033567326876822,0.0,0.6849976201434625,0.00031268583058017776,0.12943752766201744,0.19672131147540983,0.12457023179138914,0.4644808743169399,17.900677806695796,-1.0513525048731263,0.00019296276704035075,0.0001852652403098634,-1.098172537215073e-06,0.00015486352996851816,0.0001225460982823,-2.125512749597187e-06,0.16939890710382513,31.873503776282856,1.2173294003712531,84.0,19.0,1.029397315599313,0.0013854413518390386,84.0,0.4262295081967213,0.0002528423009125831,0.027310301540679666,-4.358491122672625e-08,0.1993907098535194,-0.13255989751211142,-14.116228915495073,0.8753322613261435,2.033464077155118,60.0,0.4644808743169399,0.01092896174863388,0.47319626443762547,-0.013059694613592404,0.1447584210885904,0.2699601079322269,1.1563684781173485e-07,0.06762181271310014,6.230670382277024e-06,0.00033461615972788135,2.185398337096293,0.0003345217939137802,1.1408169325047965e-07,109.0,0.30935159404354906,10.4922645994392,3.0,0.0008475386138179427,179.99942707126223,0.03968999382097587,0.028745612503351236,0.02896505790289257,0.007122085193473399,0.004348872997960911,1.8912696352393524e-05,0.9138529747218075,365.0021311402443,0.015027322404371584,0.028741243025813566,182.5,104.01682811285633,0.9943820336295452,0.00273224043715847,1.895762045169198,0.028291225801350007,0.0,0.7352177487035623,0.005145169857313926,3.536149915822029,0.20218579234972678,0.8577278238284328,0.3770491803278688,30.174359404312707,0.10216196713354274,0.003244708123904409,0.002544838408439066,-4.957356069186029e-06,0.0025816984692713374,0.0018908862508989557,0.0,0.01092896174863388,11.001544142616398,1.0245816429467427,68.0,15.0,1.0243787874691415,0.03256790862750247,68.0,0.28415300546448086,0.0290727180453637,-0.9612239443224597,-2.2300051413552106e-06,0.08608395472964904,-5.18114134993772,-1338.892829371685,0.8219412245161085,4.2711501024199325,57.0,0.3770491803278688,0.0,1.508743488912482,-0.04229842954332442,0.12626614535940256,0.7595695785192662,3.6624297184447577e-05,0.9288660190802591,0.0017195903055845425,0.009594582323968464,2.143826742219515,0.009415195500915168,9.878010928911105e-05,0.0
43,Fathul Aziz Saifuddin,"Dukun, Gresik",3.544847034707435e-07,0.010608442020428266,3.0,9.71190968412996e-10,203.9194410026186,5.755709298682632e-05,2.904683656631919e-05,2.7843890620715683e-05,1.1186188894269296e-06,1.1172230156349146e-05,1.2481872666643728e-10,0.8884506685910234,365.0000000125179,0.015027322404371584,2.9273349946379318e-05,182.5,31723.469935477682,0.9993583051330969,0.00273224043715847,1.9033646637204307,2.6515932233256654e-05,0.0,0.8132138797140541,1.4732335927192253e-05,-0.19323993993064725,0.18032786885245902,0.6756852533934384,0.4098360655737705,63.24167921301745,-2.5231853528958905,8.852901607326295e-06,5.600115782256925e-06,-3.717708351945339e-08,7.220008001240785e-06,3.343542796977631e-06,1.7883218851782106e-07,0.07103825136612021,11.932101594746188,1.0495321009949992,57.0,17.0,1.0206389047348732,5.643847409739939e-05,58.0,0.2650273224043716,3.1121334180540766e-05,0.3710794092786276,2.691157391741467e-08,0.11972509692507603,-2.1694868745634452,-1.8247231783505193,0.721469661962607,3.2278099853411404,58.0,0.4098360655737705,0.0,1.090257446416183,-0.033617354542013284,0.13464934335000342,0.3581557099994599,1.7308048386709028e-10,0.0020440422605237777,2.204954114111894e-06,1.7807943637988008e-05,2.154730844549009,1.7643181837276146e-05,3.3173935383362214e-10,0.0,8.704173307462246e-06,0.04011412894168504,2.0,2.3847050157430812e-08,201.6708009533536,0.0004007501265732,4.3615984290566663e-05,4.496033514556075e-05,-0.0003249244573453,0.0001479173424485742,2.1879540197048775e-08,0.8157811288867521,365.000003420399,0.015027322404371584,3.815325504233183e-05,182.5,2835.5282988990066,0.9993583051330969,0.00273224043715847,1.9242518829007758,7.419656380987501e-05,0.0,0.7603768334871186,0.00018587871471702065,-0.07466016328838299,0.1994535519125683,0.22699143398120922,0.4562841530054645,24.55927033967962,-1.3271441049919677,0.00011518667979765071,9.885043126652765e-05,-4.393888409374453e-07,9.29471545986866e-05,7.853383931431221e-05,4.580751465255162e-06,0.1557377049180328,30.07797253436529,1.2046169320392706,72.0,15.0,1.025558035445763,0.0007256745839185001,72.0,0.3469945355191257,0.0001542137940739535,-0.0001278836923633044,2.952017401760151e-07,0.1811055629318622,-0.1593781965065328,-10.919864753371314,0.8327296067770761,2.2059431360344224,62.0,0.4562841530054645,0.00273224043715847,0.5494423660113585,-0.017778164959063526,0.1414355319997069,0.2591513091163775,3.666819799604e-08,0.03608040741228259,3.630592160444471e-06,0.00021270558379143988,2.1677537823577673,0.00021266024322687488,4.725829551334446e-08,92.0,0.31305731140462134,10.6021482689296,3.0,0.0008576912641222503,182.94253049628176,0.0385938324034214,0.029046219790382136,0.0287622321241845,0.0203225445002317,0.003415400599729306,1.1664961256631304e-05,0.8553958016080714,365.00151731279124,0.015027322404371584,0.028876492677581647,182.5,94.75247124175941,0.9993583051330966,0.00273224043715847,1.8550322511381083,0.028544624056667064,0.0,0.7977577310130347,0.0049142767974688535,-0.14018091079384076,0.18579234972677597,0.9090758061918628,0.412568306010929,19.236414322130354,-0.07502584518754746,0.002773553277092476,0.0019505157758825066,1.8201732676323014e-05,0.0024479531157720995,0.0011034829076379017,-0.00014594336971639893,0.0,17.969039770026658,1.2379974029973948,73.0,13.0,1.026061871834679,0.0182712879031897,74.0,0.38524590163934425,0.02924633045986826,0.28060937019491355,6.541060028373121e-07,0.08238242273615669,-6.728633535619302,-1215.8749791044927,0.7898871861834845,4.4001480351063815,56.0,0.412568306010929,0.0,1.5985412079497132,-0.04325360748195065,0.1323956641646164,0.5533437066758501,1.8214290459889416e-05,0.7119382581971149,0.0017627358678789342,0.0077341263240843445,2.1242346604195257,0.00750777271865976,6.447485566390673e-05,0.0
44,Moh Rafie Nazar J,"Kecamatan Bangkalan,Bangkalan",2.5264386730469545e-07,0.00901017789204758,2.0,6.902837904499875e-10,180.6603628451868,5.56335249924067e-05,2.461145276161361e-05,2.3984756576372128e-05,3.0495935970291006e-06,9.092815908729424e-06,8.26793011500429e-11,0.8273467490851258,366.00000001145844,0.014986376021798364,2.4341662618556347e-05,183.0,42040.457969709394,1.0,0.005449591280653951,1.9144798843152506,2.6712362724949023e-05,0.0,0.7803531395666226,1.1477398444857056e-05,0.10236568448772232,0.2016348773841962,0.7050740203090319,0.4359673024523161,23.684744579724452,-2.541152819904987,7.169119870672734e-06,6.151046848078651e-06,-1.993467949976466e-08,5.6490786008390735e-06,5.178814237412531e-06,3.324214380362848e-08,0.07901907356948229,23.106535169563262,1.2879798734495358,85.0,14.0,1.029637836069773,5.25839313953776e-05,85.0,0.33514986376021794,2.6237433338403758e-05,0.3526698070318046,-8.41171250686801e-10,0.13275866458032712,-2.014019705787351,-1.4799302084026873,0.835516438641619,2.714549888082605,61.0,0.4359673024523161,0.0,0.9352847027094793,-0.030242854551714136,0.14342572447265475,0.6114575725826614,1.5557884236901697e-10,0.0022512831463967864,1.1942705024932602e-06,1.3925242778977225e-05,2.1679542094486837,1.3858857679049649e-05,2.0006809213126195e-10,0.0,3.2352668878631783e-06,0.023477782626503508,2.0,8.839527016019613e-09,197.0126242489413,0.000257623490206,3.1270558615817175e-05,2.7202632288623336e-05,-0.00018680260188712398,8.853018284855484e-05,7.837593275198553e-09,0.828350381092551,366.00000159107276,0.014986376021798364,3.581131279452098e-05,183.0,4318.1853138234455,1.0,0.0027247956403269754,1.956245043844811,1.3189139554781805e-05,0.0,0.7170752516154659,0.00011120894007627295,-0.06317592457843446,0.2098092643051771,0.18414132710355902,0.4550408719346049,11.33942170882432,-1.4940275383909167,6.910535738781805e-05,7.168773601532923e-05,-4.090181267358334e-07,5.629707219899845e-05,5.5717640140802096e-05,-1.5626137976129927e-06,0.1662125340599455,34.06889008085568,1.1378571349841229,103.0,15.0,1.0355178411607526,0.00044442609209312397,103.0,0.38419618528610355,9.389058052511875e-05,0.05727691797757691,1.6307131910272181e-07,0.1944473688490815,-0.2025424488933652,-5.689144365689272,0.8864639755589415,2.054279052903364,59.0,0.4550408719346049,0.0027247956403269754,0.4610015294246919,-0.014237017851873498,0.14402508612665219,0.20353570880947236,1.4709647749622402e-08,0.026237711381610497,1.9440592569986516e-06,0.0001290442924982337,2.1797697863964247,0.00012902660206914028,1.7347661095273566e-08,119.0,0.30096089792055936,10.433543628630632,2.0,0.0008222975353020747,181.84951728286882,0.03640220424007192,0.028511452853185914,0.0283084206464813,0.02166072758750115,0.002674696013267434,7.153998763388704e-06,1.0829419287288602,366.0009009157657,0.014986376021798364,0.0283965061108271,183.0,121.73921825870548,1.0,0.0027247956403269754,1.9273948645222685,0.026820244415900918,0.0,0.730018905065425,0.0037622388811377125,-0.1522109389738655,0.1880108991825613,0.9160971900072529,0.3760217983651226,16.36691952238782,-0.06318447616397818,0.0021631424511384307,0.0017203441058361608,2.216798414515247e-05,0.0018919240559055507,0.001435589232505901,1.028893692730029e-05,0.0,8.960373722414856,1.4074969842928746,82.0,17.0,1.0284798481391852,0.014741476652570772,81.0,0.3079019073569482,0.02863663636956743,0.3048105317132193,-1.2200020053513822e-06,0.07134683584092605,-8.306369544703255,-1164.8542575316928,0.8186528609541299,5.507426429193074,58.0,0.3760217983651226,0.0,1.8423420953706104,-0.04617685274300539,0.12181731458712707,0.678706824377233,1.2571785150251826e-05,0.6296459427360348,0.0016583239401427193,0.007121060887553783,2.151223156950103,0.0068984422976421395,5.3483277329239945e-05,0.0
